Name,Address,Tax_Code,Province_Code,Province
Chi Nhánh Công Ty Cổ Phần Sun Taxi Tại Quảng Bình,"Địa chỉ: Số 33 Đường Trần Kinh, Phường Đồng Phú, Thành phố Đồng Hới, Quảng Bình",Mã số thuế: 4201601110-009 - Đại diện pháp luật: Nguyễn Duy Hưng,QB,Quảng Bình
Công Ty TNHH Taxi Sao Mai Tây Đô,"Địa chỉ: Tầng 2, tòa nhà 43, Quang Trung, KDC 586, Phường Phú Thứ, Quận Cái Răng, Cần Thơ",Mã số thuế: 1801443238 - Đại diện pháp luật: Đỗ Văn Tân,CT,Cần Thơ
CÔNG TY CỔ PHẦN TAXI AN BÌNH,"Địa chỉ: Tổ dân phố Bình Minh, Thị trấn Trâu Quỳ, Huyện Gia Lâm, Hà Nội",Mã số thuế: 0102370994 - Đại diện pháp luật: Vũ Thị Oanh,HN,Hà Nội
Công Ty TNHH Một Thành Viên Taxi Thành Công Quảng Ninh,"Địa chỉ: Tổ 3, Khu 10B, Phường Quang Hanh, Thành phố Cẩm Phả, Quảng Ninh",Mã số thuế: 5701760142 - Đại diện pháp luật: Phan Quang Thịnh,QN,Quảng Ninh
Trung tâm điều hành TAXI Huy Hoàng Kon tum,"Địa chỉ: 71Q Phan Đình Phùng, Phường Quang Trung,, Thành phố Kon Tum, Kon Tum",Mã số thuế: 5900242480-001 - Đại diện pháp luật: Võ Đình Thành,KT,Kon Tum
Công Ty Cổ Phần Taxi Phương Trang,"Địa chỉ: 486, 486A Lê Văn Lương, Phường Tân Phong, Quận 7, TP Hồ Chí Minh",Mã số thuế: 0304917581 - Đại diện pháp luật: Nguyễn Kim Tiến,HCM,Tp Hcm
Công Ty TNHH Taxi Trung Dũng,"Địa chỉ: Khu 4 (tại nhà ông Nguyễn Văn Huynh), Thị trấn Tiên Lãng, Huyện Tiên Lãng, Hải Phòng",Mã số thuế: 0201608976 - Đại diện pháp luật: Nguyễn Văn Huynh,HP,Hải Phòng
CÔNG TY TNHH DỊCH VỤ VẬN CHUYỂN TAXITAI24HSAIGON,"Địa chỉ: 71/11/3 Đường Số 14,, Phường 8, Quận Gò Vấp, TP Hồ Chí Minh",Mã số thuế: 0315934892 - Đại diện pháp luật: Trương Văn Dũng,HCM,Tp Hcm
Công Ty TNHH Một Thành Viên Taxi Thành Công Quảng Bình,"Địa chỉ: Văn phòng tầng 2, Số 1 Tôn Thất Thuyết, Phường Đồng Phú, Thành phố Đồng Hới, Quảng Bình",Mã số thuế: 3101013593 - Đại diện pháp luật: Hoàng Văn Kỳ,QB,Quảng Bình
Công ty TNHH Taxi Minh Tâm,"Địa chỉ: 121A3 Nguyễn Thị Định, Phường Phú Tân, Thành phố Bến Tre, Bến Tre",Mã số thuế: 1300612502 - Đại diện pháp luật: Đoàn Văn Minh,BT,Bến Tre
Chi Nhánh Công Ty Cổ Phần Khải Hoàn Môn - Đội Xe Taxi Khải Hoàn Môn,"Địa chỉ: 331 Lê Văn Quới, Phường Bình Trị Đông, Quận Bình Tân, TP Hồ Chí Minh",Mã số thuế: 0303544506-001 - Đại diện pháp luật: Nguyễn Văn Sang,HCM,Tp Hcm
Hợp Tác Xã Taxi Phú Bài,"Địa chỉ: 74 Nguyễn Tất Thành, Phường Phú Bài, Thị xã  Hương Thuỷ, Thừa Thiên - Huế",Mã số thuế: 3301312470 - Đại diện pháp luật: Dương Hoài Bắc,TT-H,Tt Huế
Công Ty Cổ Phần Taxi Phan Rang,"Địa chỉ: 01 Dương Quãng Hàm, Phường Đài Sơn, TP. Phan Rang, Tháp Chàm, Ninh Thuận",Mã số thuế: 4500575003 - Đại diện pháp luật: Nguyễn Tùy Vũ,NT,Ninh Thuận
CÔNG TY TNHH TAXI CỨU THƯƠNG,"Địa chỉ: RR4 Hồng Lĩnh, Phường 15, Quận 10, TP Hồ Chí Minh",Mã số thuế: 0317129718 - Đại diện pháp luật: Nguyễn Thị Diệp Thúy Loan,HCM,Tp Hcm
 Lâm Đồng  28/01/1999,"Địa chỉ: 6/12 Bà Triệu, Phường 3, Thành phố Đà Lạt, Lâm Đồng","Địa chỉ: 6/12 Bà Triệu, Phường 3, Thành phố Đà Lạt, Lâm Đồng",Hợp Tác Xã Xe Taxi,Lâm Đồng
CÔNG TY TNHH MỘT THÀNH VIÊN TAXI BẮC HÀ,"Địa chỉ: Số nhà 165, đường Hoàng Liên, Phường Cốc Lếu, Thành phố Lào Cai, Lào Cai",Mã số thuế: 5300693234 - Đại diện pháp luật: Nguyễn Đình Thỏa,LC,Lào Cai
 Hải Phòng  08/06/2017,"Địa chỉ: Số 6 Lực Hành, Phường Đằng Lâm, Quận Hải An, Hải Phòng","Địa chỉ: Số 6 Lực Hành, Phường Đằng Lâm, Quận Hải An, Hải Phòng",CHI NHÁNH CÔNG TY CỔ PHẦN ĐIỆN TỬ TIN HỌC VIỄN THÔNG  - TRUNG TÂM TAXI EG,Hải Phòng
Công Ty TNHH Thương Mại & Dịch Vụ Taxi Tải Nha Trang,"Địa chỉ: Km5, đường 23/10, thôn Phú Thạnh, Xã Vĩnh Thạnh, Thành phố Nha Trang, Khánh Hòa",Mã số thuế: 4201651369 - Đại diện pháp luật: Vũ Thị Duyên,KH,Khánh Hòa
Xí Nghiệp Vận Tải Taxi Đại Nam - Việt Hà,"Địa chỉ: 02 Nguyễn Oanh,, Quận Gò Vấp, TP Hồ Chí Minh",Mã số thuế: 0300994401-001 - Đại diện pháp luật: Võ Văn Tím,HCM,Tp Hcm
CÔNG TY TRÁCH NHIỆM HỮU HẠN TAXI HÀM TÂN,"Địa chỉ: Khu phố 2, Thị Trấn Tân Nghĩa, Huyện Hàm Tân, Bình Thuận",Mã số thuế: 3400883940 - Đại diện pháp luật: Nguyễn Văn Danh,BT,Bình Thuận
HợP TáC Xã KINH DOANH TổNG HợP TAXI NINH THUậN,"Địa chỉ: 225 Thống Nhất, Phường Thanh Sơn, TP. Phan Rang, Tháp Chàm, Ninh Thuận",Mã số thuế: 4500601983,NT,Ninh Thuận
 Quảng Ninh  16/10/2008,"Địa chỉ: Đường Lê Lợi phường Yết Kiêu,, Thành phố Hạ Long, Quảng Ninh","Địa chỉ: Đường Lê Lợi phường Yết Kiêu,, Thành phố Hạ Long, Quảng Ninh",Chi nhánh công ty cổ phần xe khách Quảng Ninh - Xí nghiệp taxi xe khách,Quảng Ninh
HTX Vận Tải Và Taxi Du Lịch An Đông,"Địa chỉ: 230 Trần Phú P.09,, Quận 5, TP Hồ Chí Minh",Mã số thuế: 0302204673 - Đại diện pháp luật: Trà Tuyết Nga,HCM,Tp Hcm
CÔNG TY TNHH  MỘT THÀNH VIÊN NAM VIỆT TAXI GIA LỘC,"Địa chỉ: Đội 8, thôn Nội, Xã Toàn Thắng, Huyện Gia Lộc, Hải Dương",Mã số thuế: 0800754126 - Đại diện pháp luật: Phạm Văn Toàn,HD,Hải Dương
CÔNG TY TNHH TAXI VÂN PHONG,"Địa chỉ: Tổ 7,, Phường Ninh Hiệp, Thị xã Ninh Hoà, Khánh Hòa",Mã số thuế: 4201791341 - Đại diện pháp luật: Phan Minh Hiếu,KH,Khánh Hòa
CÔNG TY TNHH DỊCH VỤ TAXI QUY NHƠN,"Địa chỉ: 52 Huỳnh Thị Đào, KV1, Phường Nhơn Bình, Thành phố Quy Nhơn, Bình Định",Mã số thuế: 4101613962 - Đại diện pháp luật: Nguyễn Ngọc Tuấn,BĐ,Bình Định
Xí Nghiệp Taxi Đà Nẵng - Chi Nhánh Công Ty Cổ Phần Thuận Phước Phát,"Địa chỉ: Lô B2.19 đường Giang Châu 3, Phường Khuê Mỹ, Quận Ngũ Hành Sơn, Đà Nẵng",Mã số thuế: 0401576619-001 - Đại diện pháp luật: Phạm Thế Vỹ,ĐN,Đà Nẵng
Công Ty Cổ Phần Taxi Thành Công Vĩnh Phúc,"Địa chỉ: Khu 4, Xã Tiền Châu, Thị xã Phúc Yên, Vĩnh Phúc",Mã số thuế: 2500507539 - Đại diện pháp luật: Lê Đăng Thanh,VP,Vĩnh Phúc
Công Ty TNHH Sài Gòn Mô Tô Taxi,"Địa chỉ: 60 Phan Chu Trinh, Phường 24, Quận Bình Thạnh, TP Hồ Chí Minh",Mã số thuế: 0310980817 - Đại diện pháp luật: Võ Hoàng Diệu,HCM,Tp Hcm
Cty TNHH Một Thành Viên Vận Tải Du Lịch Taxi Đất Thép,"Địa chỉ: 95/18 Tân Thới Nhất 5 KP07 P.Tân Thới Nhất, phường Tân Thới Nhất, Quận 12, TP Hồ Chí Minh",Mã số thuế: 0304857646 - Đại diện pháp luật: Nguyễn Văn Tiếng,HCM,Tp Hcm
DOANH NGHIỆP TƯ NHÂN TAXI NHƯ Ý,"Địa chỉ: Thôn Sơn Hà, Xã Bình Sơn, Huyện Phú Riềng, Bình Phước",Mã số thuế: 3801080316 - Đại diện pháp luật: Đình Thị Hòa,BP,Bình Phước
Hợp tác xã Dịch vụ Taxi tải Cà Mau,"Địa chỉ: Số 123, đường Cao Thắng, K7, Phường 8, Thành phố  Cà Mau, Cà Mau",Mã số thuế: 2000997733 - Đại diện pháp luật: Đinh Thanh Dân,CM,Cà Mau
CÔNG TY TNHH VẬN TẢI MÔTÔ TAXI,"Địa chỉ: 116 Nguyễn Công Trứ, TP.Buôn Ma Thuột, Đắk Lắk",Mã số thuế: 6000726586 - Đại diện pháp luật: Đỗ Hữu Thành,ĐL,Đắk Lắk
CÔNG TY TNHH TAXI KIÊN GIANG 24H,"Địa chỉ: K8 Lê Hồng Phong, Phường An Hòa, Thành phố Rạch Giá, Kiên Giang",Mã số thuế: 1702275857 - Đại diện pháp luật: Bùi Vũ Hoàng,KG,Kiên Giang
CÔNG TY TNHH VI NA Ô MÔ TÔ TAXI,"Địa chỉ: 290/19 Nam Kỳ Khởi Nghĩa, Phường Võ Thị Sáu, Quận 3, TP Hồ Chí Minh",Mã số thuế: 0310864747 - Đại diện pháp luật: Lâm Minh Hoàng,HCM,Tp Hcm
Cty TNHH Taxi Nguyên Trần,"Địa chỉ: 146 Lê Quốc Hưng P.12,, Quận 4, TP Hồ Chí Minh",Mã số thuế: 0301261527 - Đại diện pháp luật: Nguyễn Thị Bạch Báu,HCM,Tp Hcm
CÔNG TY TNHH TAXI TẢI THANH HÙNG,"Địa chỉ: 111/20 Phạm Văn Chiêu, Phường 14, Quận Gò Vấp, TP Hồ Chí Minh",Mã số thuế: 0317988621 - Đại diện pháp luật: Trần Thanh Hùng,HCM,Tp Hcm
Công ty TNHH Vận tải taxi Ngân Anh,"Địa chỉ: Thôn Cao Hạ, Xã Đức Giang, Huyện Hoài Đức, Hà Nội",Mã số thuế: 0104386559 - Đại diện pháp luật: Lương Văn Vực,HN,Hà Nội
DNTN TAXI TẢI ANH THƯ,"Địa chỉ: 80 Mai Hắc Đế,P.Tân Thành, TP.Buôn Ma Thuột, Đắk Lắk",Mã số thuế: 6000748452 - Đại diện pháp luật: Lương Văn Quảng,ĐL,Đắk Lắk
CÔNG TY TNHH TAXI BIÊN HÒA,"Địa chỉ: Số B275, Khu phố 5, Phường Tân Hiệp, Thành phố Biên Hoà, Đồng Nai",Mã số thuế: 3603900302 - Đại diện pháp luật: Đinh Tiến Quyết,ĐN,Đồng Nai
Cty liên doanh TAXI Đà nẵng,"Địa chỉ: Lô D6 đường 2, 9,, Quận Hải Châu, Đà Nẵng",Mã số thuế: 0400101210 - Đại diện pháp luật: Vũ Đình Tân,ĐN,Đà Nẵng
Công ty TNHH một thành viên TAXI Huy Hoàng,"Địa chỉ: Khu Minh Khai, thị trấn Chũ,, Huyện Lục Ngạn, Bắc Giang",Mã số thuế: 2400422264 - Đại diện pháp luật: Đỗ Văn Tiến,BG,Bắc Giang
Công Ty TNHH Taxi Lagi,"Địa chỉ: Số 32 Thống Nhất, Phường Phước Hội, Thị xã La Gi, Bình Thuận",Mã số thuế: 3400923784 - Đại diện pháp luật: Huỳnh Công Văn,BT,Bình Thuận
Công Ty Cổ Phần Taxi Lam Hồng,"Địa chỉ: Tại nhà ông Nguyễn Bá Ngọc, Xóm Thanh Phú, Xã Thạch Trung, Thành phố Hà Tĩnh, Hà Tĩnh",Mã số thuế: 3001169526 - Đại diện pháp luật: Hồ Viết Thắng,HT,Hà Tĩnh
VĂN PHÒNG ĐẠI DIỆN TAXI TÂY BẮC TẠI BẮC HÀ,"Địa chỉ: Số nhà 055 đường Ngọc Uyển, Thị trấn Bắc Hà, Huyện Bắc Hà, Lào Cai",Mã số thuế: 5300681581-002 - Đại diện pháp luật: Phạm Thúy Nhung,LC,Lào Cai
Chi Nhánh Công Ty TNHH Một Thành Viên Taxi Sài Gòn Hoàng Long Tại Cần Thơ,"Địa chỉ: C36, đường số 01, Khu đô thị mới Hưng Phú, Phường Hưng Thạnh, Quận Cái Răng, Cần Thơ",Mã số thuế: 0304934160-002 - Đại diện pháp luật: Thái Văn Đức,CT,Cần Thơ
Công ty TNHH taxi Anh Đào,"Địa chỉ: Số 68, đường 25/4, Phường Bạch Đằng, Thành phố Hạ Long, Quảng Ninh",Mã số thuế: 5701381666 - Đại diện pháp luật: Lê Thị Thơm,QN,Quảng Ninh
CHI NHÁNH CÔNG TY CỔ PHẦN SUN TAXI TẠI QUẢNG TRỊ,"Địa chỉ: Số 48 Đoàn Khuê, Phường 5, Thành phố Đông Hà, Quảng Trị",Mã số thuế: 4201601110-011 - Đại diện pháp luật: Nguyễn Văn Ngọc,QT,Quảng Trị
CÔNG TY TNHH TAXI 123 NỘI BÀI,"Địa chỉ: Thôn Phú Cường, Xã Minh Phú, Huyện Sóc Sơn, Hà Nội",Mã số thuế: 0110403516 - Đại diện pháp luật: Nguyễn Ngọc Sơn,HN,Hà Nội
CÔNG TY CỔ PHẦN TAXI TIẾN HIẾU,"Địa chỉ: Khu phố Lê Bình, Thị trấn Thanh Miện, Huyện Thanh Miện, Hải Dương",Mã số thuế: 0800971762 - Đại diện pháp luật: Phạm Anh Tiến,HD,Hải Dương
Công Ty TNHH Taxi Diêu Trì,"Địa chỉ: Thôn Vân Hội 2, Thị trấn Diêu Trì, Huyện Tuy Phước, Bình Định",Mã số thuế: 4100579010 - Đại diện pháp luật: Lê Thiên Nhiên,BĐ,Bình Định
 Thái Nguyên  07/09/2020,"Địa chỉ: Số 1410, tờ số 7, khu dân cư Hồng Phong, Phường Ba Hàng, Thị xã Phổ Yên, Thái Nguyên","Địa chỉ: Số 1410, tờ số 7, khu dân cư Hồng Phong, Phường Ba Hàng, Thị xã Phổ Yên, Thái Nguyên",CÔNG TY CỔ PHẦN QUẢN LÝ G7 TAXI THÁI NGUYÊN,Thái Nguyên
CÔNG TY CỔ PHẦN TAXI HOÀNG LONG,"Địa chỉ: Số nhà 7, ngõ 77, đường Xuân La, tổ 12, cụm 2, Phường Xuân La, Quận Tây Hồ, Hà Nội",Mã số thuế: 0102233613 - Đại diện pháp luật: Dương Thị Thủy,HN,Hà Nội
CÔNG TY TNHH DỊCH VỤ VẬN TẢI TAXI AN TOÀN PHÁT,"Địa chỉ: Thửa đất 504, Tờ bản đồ số 5, Tổ 1, Khu Phố Khánh Lộc,, Phường Tân Phước Khánh, Thị xã  Tân Uyên, Bình Dương",Mã số thuế: 3702807167 - Đại diện pháp luật: Lê Xuân Toàn,BD,Bình Dương
Công Ty TNHH COMFORTDELGRO SAVICO TAXI,"Địa chỉ: 384A/2 Kha Vạn Cân, Khu Phố 5, Phường Hiệp Bình Chánh, Quận Thủ Đức, TP Hồ Chí Minh",Mã số thuế: 0303804810 - Đại diện pháp luật: Lim Meng Hock,HCM,Tp Hcm
Công Ty TNHH Tour Taxi Việt,"Địa chỉ: Số 10, ngách 34, ngõ 162, đường Nguyễn Văn Cừ, Phường Bồ Đề, Quận Long Biên, Hà Nội",Mã số thuế: 0107379937 - Đại diện pháp luật: Nguyễn Văn Hùng,HN,Hà Nội
 Bình Định  07/12/2001,"Địa chỉ: 74 Đường Tây Sơn,, Thành phố Quy Nhơn, Bình Định","Địa chỉ: 74 Đường Tây Sơn,, Thành phố Quy Nhơn, Bình Định",Doanh NghiệpTư Nhân Hương Trà TAXI,Bình Định
CÔNG TY TNHH SẢN XUẤT THƯƠNG MẠI DỊCH VỤ DU LỊCH TAXI VINASUNS - MAILINHH,"Địa chỉ: 69/14 Bùi Xuân Phái, Phường Tây Thạnh, Quận Tân phú, TP Hồ Chí Minh",Mã số thuế: 0317243890 - Đại diện pháp luật: Đặng Quang Nhật,HCM,Tp Hcm
 Hà Nội  10/08/2015,"Địa chỉ: Tầng 12A, tòa nhà VTC Online, số 18, đường Tam Trinh, Phường Minh Khai, Quận Hai Bà Trưng, Hà Nội","Địa chỉ: Tầng 12A, tòa nhà VTC Online, số 18, đường Tam Trinh, Phường Minh Khai, Quận Hai Bà Trưng, Hà Nội",Công Ty Cổ Phần Taxially Việt Nam,Hà Nội
XN Vận Tải Taxi,"Địa chỉ: 45 Đường Trường Sơn, Phường 2, Quận Tân Bình, TP Hồ Chí Minh",Mã số thuế: 0301123125-003 - Đại diện pháp luật: Vũ Công Tiến,HCM,Tp Hcm
Cty TNHH Taxi Bến Thành,"Địa chỉ: 130/18 Lê Quốc Hưng P.12,, Quận 4, TP Hồ Chí Minh",Mã số thuế: 0301441752 - Đại diện pháp luật: Lê Văn Bằng,HCM,Tp Hcm
Xí nghiệp dịch vụ taxi Sao Mai,"Địa chỉ: Cầu 3, Phường Cao Xanh,, Thành phố Hạ Long, Quảng Ninh",Mã số thuế: 5700450966-001 - Đại diện pháp luật: Công ty CP cơ khí giao thông,QN,Quảng Ninh
CÔNG TY TNHH TAXI TẢI HẠ LONG QN,"Địa chỉ: Số nhà 285, tổ 40, khu 4, đường Cao Thắng, Phường Cao Thắng, Thành phố Hạ Long, Quảng Ninh",Mã số thuế: 5701836112 - Đại diện pháp luật: Đỗ Tuấn Đức,QN,Quảng Ninh
Chi Nhánh An Giang - Công Ty Cổ Phần Taxi Mekong,"Địa chỉ: 555/5 Phạm Cự Lượng, Phường Mỹ Quý, Thành phố Long Xuyên, An Giang",Mã số thuế: 2200688531-003 - Đại diện pháp luật: Đỗ Hiếu Đạo,AG,An Giang
CÔNG TY TNHH MỘT THÀNH VIÊN TAXI VINA MIỀN TÂY,"Địa chỉ: Số 349, Đường Lê Hồng Phong, Khóm 8, Phường 8, Thành phố  Cà Mau, Cà Mau",Mã số thuế: 2001270838 - Đại diện pháp luật: Trần Nhựt Linh,CM,Cà Mau
 Hà Nội  21/03/2017,"Địa chỉ: 84B An Dương, Phường Phú Thượng, Quận Tây Hồ, Hà Nội","Địa chỉ: 84B An Dương, Phường Phú Thượng, Quận Tây Hồ, Hà Nội",HỢP TÁC XÃ VẬN TẢI TAXI HÀ NỘI,Hà Nội
Chi Nhánh Công Ty TNHH Thanh Lễ - Taxi Thanh Lễ,"Địa chỉ: Số 662, Đại lộ Bình Dương, HT, Phường Hiệp Thành, Thành phố Thủ Dầu Một, Bình Dương",Mã số thuế: 3700144669-005 - Đại diện pháp luật: Nguyễn Huỳnh Thanh Lễ,BD,Bình Dương
Công Ty TNHH Một Thành Viên Taxi Hậu Giang,"Địa chỉ: ấp 7, Xã Vị Trung, Huyện Vị Thủy, Hậu Giang",Mã số thuế: 6300139765 - Đại diện pháp luật: Châu Thanh Thủy,HG,Hậu Giang
CÔNG TY TNHH VẬN TẢI VINA TAXI,"Địa chỉ: P401 Số 8/563 đường Giải Phóng, phường Giáp Bát, Quận Hoàng Mai, Hà Nội",Mã số thuế: 0102631692 - Đại diện pháp luật: Trần Thị Minh Thảo,HN,Hà Nội
Công ty cổ phần Phú Xuân TAXI,"Địa chỉ: 89 Duy Tân, Phường An Cựu, Thành phố Huế, Thừa Thiên - Huế",Mã số thuế: 3300368583 - Đại diện pháp luật: Trần Ngọc Dũng,TT-H,Tt Huế
Cty Cổ Phần Taxi Đồng Tâm,"Địa chỉ: 91 Nguyễn Thông P.09,, Quận 3, TP Hồ Chí Minh",Mã số thuế: 0302128983 - Đại diện pháp luật: Hoàng Thái Huy,HCM,Tp Hcm
Công Ty TNHH Quê Hương - Taxi Sân Bay,"Địa chỉ: Thôn Bình Đức, Xã Cát Tân, Huyện Phù Cát, Bình Định",Mã số thuế: 4101432074 - Đại diện pháp luật: Đặng Văn Hồi,BĐ,Bình Định
Công Ty TNHH Taxi Thành Công Hưng Yên,"Địa chỉ: Thôn Cù Tu, Xã Xuân Trúc, Huyện Ân Thi, Hưng Yên",Mã số thuế: 0900994682 - Đại diện pháp luật: Trần Thị Thu Hà,HY,Hưng Yên
CÔNG TY CỔ PHẦN TAXI LIÊN TỈNH,"Địa chỉ: Số 68 đường Mễ Trì Hạ, Phường Mễ Trì, Quận Nam Từ Liêm, Hà Nội",Mã số thuế: 0109924377 - Đại diện pháp luật: Đỗ Thị Cúc,HN,Hà Nội
CÔNG TY TNHH TAXI BAN MÊ XANH,"Địa chỉ: 204 Nguyễn Văn Cừ, P.Tân Lập, TP.Buôn Ma Thuột, Đắk Lắk",Mã số thuế: 6000718578 - Đại diện pháp luật: Phạm Thị Chi,ĐL,Đắk Lắk
Công Ty Cổ Phần Thương Mại Vận Tải ánh Dương Taxi,"Địa chỉ: Phố Chờ (NR Đỗ Thị Cúc), Thị trấn Chờ, Huyện Yên Phong, Bắc Ninh",Mã số thuế: 2300896574 - Đại diện pháp luật: Nguyễn Trung Định,BN,Bắc Ninh
Công ty cổ phần thương mại - dịch vụ taxi Đồng Hới,"Địa chỉ: 29A Đường Võ Thị Sáu, Phường Nam Lý, Thành phố Đồng Hới, Quảng Bình",Mã số thuế: 3100348389 - Đại diện pháp luật: Nguyễn Thị Nương,QB,Quảng Bình
XN cổ phần taxi Hà nội,"Địa chỉ: 25 Láng hạ,, Quận Đống đa, Hà Nội",Mã số thuế: 0100727617-001 - Đại diện pháp luật: Ngô Văn Quân,HN,Hà Nội
 Đắk Lắk  06/01/2009,"Địa chỉ: 47L 4935 01 Trường Chinh,, TP.Buôn Ma Thuột, Đắk Lắk","Địa chỉ: 47L 4935 01 Trường Chinh,, TP.Buôn Ma Thuột, Đắk Lắk",CÔNG TY TAXI QUYẾT TIẾN,Đắk Lắk
Công Ty TNHH Dịch Vụ Vận Tải Taxi Bình Minh,"Địa chỉ: Thôn Mao Lại, Xã Phượng Mao, Huyện Quế Võ, Bắc Ninh",Mã số thuế: 2300711858 - Đại diện pháp luật: Nguyễn Đình Phương,BN,Bắc Ninh
 TP Hồ Chí Minh  13/04/2001,"Địa chỉ: 138/9 Bùi Thị Xuân, Phường Phạm Ngũ Lão, Quận 1, TP Hồ Chí Minh","Địa chỉ: 138/9 Bùi Thị Xuân, Phường Phạm Ngũ Lão, Quận 1, TP Hồ Chí Minh",HTX Vận Tải Du Lịch Taxi Hoàn Mỹ,Tp Hcm
 Sóc Trăng  29/04/2014,"Địa chỉ: C96 Trần Hưng Đạo, Thửa đất số 142 Tờ bản đồ số 60, Phường 2, Thành phố Sóc Trăng, Sóc Trăng","Địa chỉ: C96 Trần Hưng Đạo, Thửa đất số 142 Tờ bản đồ số 60, Phường 2, Thành phố Sóc Trăng, Sóc Trăng",Công Ty Cổ Phần Taxi Mekong,Sóc Trăng
 Thừa Thiên - Huế  14/01/2010,"Địa chỉ: 87 Duy Tân, Phường An Cựu, Thành phố Huế, Thừa Thiên - Huế","Địa chỉ: 87 Duy Tân, Phường An Cựu, Thành phố Huế, Thừa Thiên - Huế",Công Ty TNHH Một Thành Viên Taxi Hương Giang,Tt Huế
Công ty TNHH TAXI Bắc Trung Nam,"Địa chỉ: Số 321 Bà Triệu, Phường Hàm Rồng, Thành phố Thanh Hoá, Thanh Hoá",Mã số thuế: 2801572676 - Đại diện pháp luật: Nguyễn Thị Hiền,TH,Thanh Hoá
CÔNG TY TRÁCH NHIỆM HỮU HẠN TAXI 79 GIA LAI,"Địa chỉ: 58/01 Ung Văn Khiêm, Phường Phù Đổng, Thành phố  Pleiku, Gia Lai",Mã số thuế: 5901051640 - Đại diện pháp luật: Nguyễn Hùng Cường,GL,Gia Lai
Xí nghiệp Taxi - du lịch,"Địa chỉ: Số 26 B, Nguyễn Thái Học,, Thành phố Vinh, Nghệ An",Mã số thuế: 2900325276-001 - Đại diện pháp luật: Trần Trọng Thắng,NA,Nghệ An
DNTN Taxi Long Xuyên,"Địa chỉ: 41G1 Hàm Nghi, Bình Khánh,, Thành phố Long Xuyên, An Giang",Mã số thuế: 1600750239 - Đại diện pháp luật: Phạm Văn Rớt,AG,An Giang
Công Ty TNHH Taxi Hà An,"Địa chỉ: Nhà ông Nguyễn Sông Thao, khối 2, Thị trấn Xuân An, Huyện Nghi Xuân, Hà Tĩnh",Mã số thuế: 3002025157 - Đại diện pháp luật: Nguyễn Đức Kiệm,HT,Hà Tĩnh
 Hải Phòng  02/06/2008,"Địa chỉ: Số 526A Đường Thiên Lôi, Phường Vĩnh niệm, Quận Lê Chân, Hải Phòng","Địa chỉ: Số 526A Đường Thiên Lôi, Phường Vĩnh niệm, Quận Lê Chân, Hải Phòng",CÔNG TY CỔ PHẦN XE KHÁCH - TAXI YÊN THỊNH,Hải Phòng
Công Ty TNHH Dịch Vụ Vận Tải Taxi Thịnh Hưng,"Địa chỉ: Tổ 2, Khu 7A, Phường Hồng Hải, Thành phố Hạ Long, Quảng Ninh",Mã số thuế: 5701672601 - Đại diện pháp luật: Cù Thị Hoàng Phượng,QN,Quảng Ninh
Công Ty TNHH GrabTaxi,"Địa chỉ: 268 Tô Hiến Thành, Phường 15, Quận 10, TP Hồ Chí Minh",Mã số thuế: 0313368659 - Đại diện pháp luật: Nguyễn Tuấn Anh,HCM,Tp Hcm
HỢP TÁC XÃ VẬN TẢI - DU LỊCH TAXI MINH ĐỨC,"Địa chỉ: 90 Đỗ Nhuận, Phường Sơn Kỳ, Quận Tân phú, TP Hồ Chí Minh",Mã số thuế: 0304531323 - Đại diện pháp luật: Trần Hữu Đức,HCM,Tp Hcm
Công Ty Trách Nhiệm Hữu Hạn Taxi Ngọc Minh,"Địa chỉ: Xóm Minh Tâm, Xã Minh Hợp, Huyện Quỳ Hợp, Nghệ An",Mã số thuế: 2901740878 - Đại diện pháp luật: Lê Thị Minh,NA,Nghệ An
Công Ty Cổ Phần Vận Tải Taxi Cát Bi,"Địa chỉ: Số 586 Ngô Gia Tự, Phường Thành Tô, Quận Hải An, Hải Phòng",Mã số thuế: 0201257206 - Đại diện pháp luật: Phạm Đức Tuấn,HP,Hải Phòng
CHI NHÁNH SÔNG CÔNG - CÔNG TY TNHH DỊCH VỤ TAXI MIỀN BẮC,"Địa chỉ: Số 100, đường Cách Mạng Tháng 8, Phường Mỏ Chè, Thành phố Sông Công, Thái Nguyên",Mã số thuế: 4601183725-002 - Đại diện pháp luật: Phạm Quý Quỳnh,TN,Thái Nguyên
Công Ty Cổ Phần Taxi Quảng Ngãi,"Địa chỉ: 45 Hùng Vương, Phường Trần Hưng Đạo, Thành phố Quảng Ngãi, Quảng Ngãi",Mã số thuế: 4300764123 - Đại diện pháp luật: Đỗ Thanh Quân,QN,Quảng Ngãi
Công ty TNHH một thành viên TAXI Cắt Lúa,"Địa chỉ: Số 1/TT xây lắp 2 ngõ 192 đường Giải phóng, Phường Phương Liệt, Quận Thanh Xuân, Hà Nội",Mã số thuế: 0104539251 - Đại diện pháp luật: Nguyễn thị Chi Mai,HN,Hà Nội
CÔNG TY TNHH TAXI DU LỊCH QUYẾT TIẾN,"Địa chỉ: Số 30A đường Lê Thị Hồng Gấm, Phường Tân An, TP.Buôn Ma Thuột, Đắk Lắk",Mã số thuế: 6000462460 - Đại diện pháp luật: Khổng Mạnh Võ,ĐL,Đắk Lắk
 TP Hồ Chí Minh  25/07/2018,"Địa chỉ: Tầng 1, Tòa nhà 109, số 109 Cộng Hòa, Phường 12, Quận Tân Bình, TP Hồ Chí Minh","Địa chỉ: Tầng 1, Tòa nhà 109, số 109 Cộng Hòa, Phường 12, Quận Tân Bình, TP Hồ Chí Minh",CÔNG TY TNHH DỊCH VỤ ĐẶT XE TAXILA,Tp Hcm
Chi Nhánh 1 - Công Ty Cổ Phần Dịch Vụ Taxi Abc,"Địa chỉ: Khu dân cư Đại Bát, Phường Hoàng Tân, Thị xã Chí Linh, Hải Dương",Mã số thuế: 0102239485-001 - Đại diện pháp luật: Nguyễn Hồng Hải,HD,Hải Dương
CÔNG TY TNHH TAXI NGỌC TƯ,"Địa chỉ: Khu phố Bình Chương, Phường Hoài Đức, Thị xã Hoài Nhơn, Bình Định",Mã số thuế: 4101611161 - Đại diện pháp luật: Lê Ngọc Tư,BĐ,Bình Định
Công Ty TNHH Một Thành Viên Taxi Đồng Phú,"Địa chỉ: Tổ 99, KP. Bàu Ké, Thị trấn Tân Phú, Huyện Đồng Phú, Bình Phước",Mã số thuế: 3801099532 - Đại diện pháp luật: Phan Văn Nhiều,BP,Bình Phước
VĂN PHÒNG ĐẠI DIỆN CÔNG TY TNHH GRABTAXI TẠI ĐÀ NẴNG,"Địa chỉ: 86 Phạm Văn Nghị, Phường Thạc Gián, Quận Thanh Khê, Đà Nẵng",Mã số thuế: 0312650437-002 - Đại diện pháp luật: Nguyễn Tuấn Anh,ĐN,Đà Nẵng
Công Ty TNHH Một Thành Viên Thương Mại Và Dịch Vụ Taxi Hoàng Sơn,"Địa chỉ: Số 15, Ngõ 8, Đường Nguyễn Viết Xuân, Phường Đống Đa, Thành phố Vĩnh Yên, Vĩnh Phúc",Mã số thuế: 2500507296 - Đại diện pháp luật: Nguyễn Hoàng Sơn,VP,Vĩnh Phúc
Công Ty Cổ Phần Việt Bắc Taxi,"Địa chỉ: Số nhà 10, đường Mỏ Bạch, tổ 1, Phường Quang Trung, Thành phố Thái Nguyên, Thái Nguyên",Mã số thuế: 4600413214 - Đại diện pháp luật: Đỗ Thanh Tùng,TN,Thái Nguyên
CÔNG TY TNHH MTV BLUE TAXI,"Địa chỉ: Số 270, Đường Trần Phú, Phường Duy Tân, Thành phố Kon Tum, Kon Tum",Mã số thuế: 6101247861 - Đại diện pháp luật: Nguyễn Minh Vũ,KT,Kon Tum
Chi nhánh doanh nghiệp TN TAXI Hoa Mai,"Địa chỉ: Tổ 18A, Phố Minh Hà, Phường Tiên cát,, Thành phố Việt Trì, Phú Thọ",Mã số thuế: 4600284752-001 - Đại diện pháp luật: Trần Đức Hiểu,PT,Phú Thọ
CÔNG TY CỔ PHẦN HANOITOURIST TAXI,"Địa chỉ: Số 105 Láng Hạ, Phường Láng Hạ, Quận Đống đa, Hà Nội",Mã số thuế: 0101745739 - Đại diện pháp luật: Nguyễn Văn Hưởng,HN,Hà Nội
Công Ty TNHH Mtv Taxi Tải Hùng Vương,"Địa chỉ: Số 90, đường Hùng Vương, Phường Chi Lăng, Thành phố Lạng Sơn, Lạng Sơn",Mã số thuế: 4900737812 - Đại diện pháp luật: Trần Tài,LS,Lạng Sơn
CÔNG TY TRÁCH NHIỆM HỮU HẠN MỘT THÀNH VIÊN TAXI BUÔN HỒ,"Địa chỉ: Số 57 đường Hùng Vương, p. An Lạc, Phường An Lạc, Thị xã Buôn Hồ, Đắk Lắk",Mã số thuế: 6001177441 - Đại diện pháp luật: Đỗ Hồng Hậu,ĐL,Đắk Lắk
Công Ty CP Taxi Bình Minh Việt Nam,"Địa chỉ: Số 217, đường Nguyễn Trãi, Phường Quán Bàu, Thành phố Vinh, Nghệ An",Mã số thuế: 2901718128 - Đại diện pháp luật: Trần Văn Minh,NA,Nghệ An
Chi Nhánh Công Ty TNHH Một Thành Viên Taxi Hậu Giang,"Địa chỉ: Tổ 1, ấp Củ Tron, Xã An Sơn, Huyện Kiên Hải, Kiên Giang",Mã số thuế: 6300139765-001 - Đại diện pháp luật: Châu Thanh Thủy,KG,Kiên Giang
Công Ty Cổ Phần Dịch Vụ Taxi Abc - Chi Nhánh Sóc Sơn,"Địa chỉ: Thôn Đoài, Xã Phú Minh, Huyện Sóc Sơn, Hà Nội",Mã số thuế: 0102239485-003 - Đại diện pháp luật: Nguyễn Hồng Hải,HN,Hà Nội
CÔNG TY TNHH TAXI ĐẮK NÔNG,"Địa chỉ: Tổ dân phố 4, Phường Nghĩa Trung, Thành phố Gia Nghĩa, Đắk Nông",Mã số thuế: 6400453157 - Đại diện pháp luật: Đỗ Xuân Quỳnh,ĐN,Đắk Nông
Công Ty TNHH 1 Thành Viên Taxi Trường Đức Thuận,"Địa chỉ: Số 12, Chu Văn An, Thị trấn Quảng Hà, Huyện Hải Hà, Quảng Ninh",Mã số thuế: 5701760953 - Đại diện pháp luật: Đinh Khắc Dũng,QN,Quảng Ninh
Công Ty Cổ Phần Taxi Đại Nam,"Địa chỉ: Số 2, Ngõ 1, Thôn Điền Xá, Xã Quang Tiến, Huyện Sóc Sơn, Hà Nội",Mã số thuế: 0104784292 - Đại diện pháp luật: Đào Thị Hải Vân,HN,Hà Nội
CÔNG TY CỔ PHẦN CÔNG NGHỆ PINGTAXI VIỆT NAM,"Địa chỉ: Tổ 45, Phường Khương Đình, Quận Thanh Xuân, Hà Nội",Mã số thuế: 0106184251 - Đại diện pháp luật: Nguyễn Thành Trung,HN,Hà Nội
Công Ty TNHH Vận Tải Thương Mại Dịch Vụ Taxi Quí Phú,"Địa chỉ: Tổ 27, Khu vực 5, Phường Đống Đa, Thành phố Quy Nhơn, Bình Định",Mã số thuế: 4101459693 - Đại diện pháp luật: Nguyễn Trần An Công,BĐ,Bình Định
CÔNG TY CỔ PHẦN TRUYỀN THÔNG TAXI CỘNG,"Địa chỉ: Nhà số 7 ngõ 46 phố Quan Nhân, Phường Trung Hoà, Quận Cầu Giấy, Hà Nội",Mã số thuế: 0105814895 - Đại diện pháp luật: Tạ Thị Kim Cúc,HN,Hà Nội
Công Ty Trách Nhiệm Hữu Hạn Taxi Thảo Nguyên,"Địa chỉ: Số 55, tiểu khu 4, Thị trấn Mộc Châu, Huyện Mộc Châu, Sơn La",Mã số thuế: 5500349711 - Đại diện pháp luật: Ngô Tiến Chiều,SL,Sơn La
HTX Vận Tải Du Lịch Taxi 12,"Địa chỉ: 319 Lê Hồng Phong, Phường 02, Quận 10, TP Hồ Chí Minh",Mã số thuế: 0301792101 - Đại diện pháp luật: Hoàng Ngọc Quang,HCM,Tp Hcm
Công Ty Cổ Phần Vận Tải Taxi Nguyễn Gia,"Địa chỉ: Tổ dân phố Trung Nghĩa 2 (nhà ông Nguyễn Văn Thông), Phường Hợp Đức, Quận Đồ Sơn, Hải Phòng",Mã số thuế: 0201728991 - Đại diện pháp luật: Nguyễn Văn Thông,HP,Hải Phòng
CÔNG TY TNHH 1TV TAXI TẢI CƯỜNG THỊNH,"Địa chỉ: 27 A Ngô Gia Tự, Phường Đông Kinh, Thành phố Lạng Sơn, Lạng Sơn",Mã số thuế: 4900316758 - Đại diện pháp luật: Lương Quốc Cường,LS,Lạng Sơn
CHI NHÁNH CÔNG TY TNHH MỘT THÀNH VIÊN TAXI PHÁT ĐẠT,"Địa chỉ: Số 105/4, ấp 10, Thị trấn Thạnh Phú, Huyện Thạnh Phú, Bến Tre",Mã số thuế: 1301011832-001 - Đại diện pháp luật: Lưu Thị Thủy,BT,Bến Tre
CTY TNHH MỘT THÀNH VIÊN TAXI TẢI NHẬT TÂN,"Địa chỉ: 121 Đinh Tiên Hoàng, P.Tự An, TP.Buôn Ma Thuột, Đắk Lắk",Mã số thuế: 6000927758 - Đại diện pháp luật: Lê Văn Tấn,ĐL,Đắk Lắk
CÔNG TY TNHH VẬN TẢI SÀI GÒN TAXI,"Địa chỉ: 845/3E Quốc lộ 1A, khu phố 3, phường An Phú Đông, Quận 12, TP Hồ Chí Minh",Mã số thuế: 0312935922 - Đại diện pháp luật: Nguyễn Tuấn Mùi,HCM,Tp Hcm
Công Ty Cổ Phần Quảng Cáo Taxi,"Địa chỉ: Tầng 46 Toà nhà Bitexco Financial Tower, Số 2 Đường Hải Triề, Phường Bến Nghé, Quận 1, TP Hồ Chí Minh",Mã số thuế: 0313714355 - Đại diện pháp luật: Nguyễn Xuân Cường,HCM,Tp Hcm
Chi Nhánh Công Ty Trách Nhiệm Hữu Hạn Taxi Tân Việt,"Địa chỉ: Số 467, tổ 10, Phường Thịnh Đán, Thành phố Thái Nguyên, Thái Nguyên",Mã số thuế: 5100344652-002 - Đại diện pháp luật: Vừ Thị Mai Hương,TN,Thái Nguyên
 Khánh Hòa  03/06/2014,"Địa chỉ: 50 Lương Thế Vinh, Phường Phước Long, Thành phố Nha Trang, Khánh Hòa","Địa chỉ: 50 Lương Thế Vinh, Phường Phước Long, Thành phố Nha Trang, Khánh Hòa",CÔNG TY CỔ PHẦN SUN TAXI,Khánh Hòa
CÔNG TY TNHH MTV TAXI HOA PHƯỢNG VÀNG,"Địa chỉ: Tổ dân phố 4, Phường Nghĩa Thành, Thành phố Gia Nghĩa, Đắk Nông",Mã số thuế: 6400452107 - Đại diện pháp luật: Nguyễn Quốc Khánh,ĐN,Đắk Nông
Công ty cổ phần Taxi hàng không Cửu Long,"Địa chỉ: Tầng 3, Trung tâm thương mại Yên Bái km4, Phường Đồng Tâm,, Tỉnh Yên Bái, Yên Bái",Mã số thuế: 5200278876 - Đại diện pháp luật: Trần Đức Anh,YB,Yên Bái
Công Ty TNHH Một Thành Viên Taxi Bạch Mã,"Địa chỉ: Khu vực 4, Thị trấn Phú Lộc, Huyện Phú Lộc, Thừa Thiên - Huế",Mã số thuế: 3301517326 - Đại diện pháp luật: Nguyễn Trịnh Hùng,TT-H,Tt Huế
Công Ty TNHH Taxi Bà Rịa,"Địa chỉ: 57 Đặng Nguyên Cẩn, Phường Long Toàn, Thành phố Bà Rịa, Bà Rịa - Vũng Tàu",Mã số thuế: 3502226863 - Đại diện pháp luật: Nguyễn Bá Nguyễn,BR-VT,Bà Rịa-Vũng Tàu
 Hà Nội  01/03/2005,"Địa chỉ: Phòng 105 D4 tổ 80 phường Dịch Vọng, Quận Cầu Giấy, Hà Nội","Địa chỉ: Phòng 105 D4 tổ 80 phường Dịch Vọng, Quận Cầu Giấy, Hà Nội",CÔNG TY TNHH TAXI VÀ XÂY DỰNG THÀNH ĐÔ,Hà Nội
CÔNG TY TNHH GO2TAXI,"Địa chỉ: 524 Lý Thường Kiệt, Phường 7, Quận Tân Bình, TP Hồ Chí Minh",Mã số thuế: 0314297217 - Đại diện pháp luật: Nguyễn Hoàng Dư,HCM,Tp Hcm
 Hà Nội  04/02/2016,"Địa chỉ: Số 31, phố Tràng Thi, Phường Hàng Trống, Quận Hoàn Kiếm, Hà Nội","Địa chỉ: Số 31, phố Tràng Thi, Phường Hàng Trống, Quận Hoàn Kiếm, Hà Nội",Công Ty Cổ Phần Taxi Nasco,Hà Nội
Doanh Nghiệp Tư Nhân TAXI Dân,"Địa chỉ: 81 Đường Trần Cao Vân,, Thành phố Quy Nhơn, Bình Định",Mã số thuế: 4100565579 - Đại diện pháp luật: Trương Thị Diệu Hằng,BĐ,Bình Định
Doanh Nghiệp Tư Nhân Taxi Hương Trà,"Địa chỉ: Tổ 22, Thị trấn Chùa Hang, Huyện Đồng Hỷ, Thái Nguyên",Mã số thuế: 4601261927 - Đại diện pháp luật: Phạm Thị Lê Hoa,TN,Thái Nguyên
Công Ty Cổ Phần Taxi Tiền Hải,"Địa chỉ: Số nhà 66, tổ 29 phố Lê Đồng, Phường âu Cơ, Thị xã Phú Thọ, Phú Thọ",Mã số thuế: 2600705703 - Đại diện pháp luật: Lê Thanh Bừng,PT,Phú Thọ
 Đắk Lắk  13/05/2009,"Địa chỉ: 369 Hùng Vương, P.An Lạc, Thị xã Buôn Hồ, Đắk Lắk","Địa chỉ: 369 Hùng Vương, P.An Lạc, Thị xã Buôn Hồ, Đắk Lắk",CN CÔNG TY TNHH TAXI BAN MÊ XANH,Đắk Lắk
Công Ty Cổ Phần Taxi Và Du Lịch Tỉnh Điện Biên,"Địa chỉ: Số nhà 12, Tổ dân phố 9, Phường Thanh Bình, TP Điện Biên Phủ, Điện Biên",Mã số thuế: 5600238130 - Đại diện pháp luật: Nguyễn Văn Lâm,ĐB,Điện Biên
CÔNG TY CỔ PHẦN BG TAXI,"Địa chỉ: Số 69 ngõ 147B phố Tân Mai, Phường Tân Mai, Quận Hoàng Mai, Hà Nội",Mã số thuế: 0102387243 - Đại diện pháp luật: Nguyễn Nhật Trung,HN,Hà Nội
CÔNG TY TNHH MỘT THÀNH VIÊN TAXI BẮC KẠN,"Địa chỉ: Tổ 8B, Phường Đức Xuân, Thành phố Bắc Kạn, Bắc Kạn",Mã số thuế: 4700202390 - Đại diện pháp luật: Nguyễn Thị Huệ,BK,Bắc Kạn
CÔNG TY CỔ PHẦN TAXI TRỰC TUYẾN,"Địa chỉ: Số 308D, phố Minh Khai, Phường Minh Khai, Quận Hai Bà Trưng, Hà Nội",Mã số thuế: 0106209481 - Đại diện pháp luật: Đinh Trọng Đỉnh,HN,Hà Nội
CôNG TY TNHH MộT THàNH VIêN TAXI THàNH CôNG THANH HóA,"Địa chỉ: Số nhà 782 Nguyễn Trãi, Phường Phú Sơn, Thành phố Thanh Hoá, Thanh Hoá",Mã số thuế: 2802417521 - Đại diện pháp luật: Nguyễn Văn Bình,TH,Thanh Hoá
CHI NHÁNH CÔNG TY CỔ PHẦN SUN TAXI TẠI ĐẮK LẮK,"Địa chỉ: Số 51 Võ Duy Thanh, Phường Tân An, TP.Buôn Ma Thuột, Đắk Lắk",Mã số thuế: 4201601110-001 - Đại diện pháp luật: Nguyễn Duy Hưng,ĐL,Đắk Lắk
Công Ty Cổ Phần Vận Tải Việt Nam Taxi,"Địa chỉ: Số 9, Tổ 4, Khu phố Khánh Hội, Phường Tân Phước Khánh, Thị xã  Tân Uyên, Bình Dương",Mã số thuế: 3702478515 - Đại diện pháp luật: Nguyễn Hữu Khoa,BD,Bình Dương
CÔNG TY CỔ PHẦN GOTAXI HÀ NỘI,"Địa chỉ: Số 2, ngõ 4  Phố Cầu Am,, Phường Vạn Phúc, Quận Hà Đông, Hà Nội",Mã số thuế: 0109143415 - Đại diện pháp luật: Nguyễn Văn Xang,HN,Hà Nội
Xí nghiệp Taxi du lịch Việt An,"Địa chỉ: số 35 đường Quang Trung,, Thành phố Vinh, Nghệ An",Mã số thuế: 2900326294-011 - Đại diện pháp luật: Lê Quang Hoà,NA,Nghệ An
CÔNG TY CỔ PHẦN TAXI LẠNG SƠN - CHI NHÁNH CHI LĂNG,"Địa chỉ: Số 322, đường Lê Lợi, khu Hòa Bình I, Thị trấn Đồng Mỏ, Huyện Chi Lăng, Lạng Sơn",Mã số thuế: 4900772599-002 - Đại diện pháp luật: Nguyễn Đức Thống,LS,Lạng Sơn
CÔNG TY CỔ PHẦN EMDDI TAXI,"Địa chỉ: Tầng 5 tòa nhà CC2 Bắc Linh Đàm, Phường Đại Kim, Quận Hoàng Mai, Hà Nội",Mã số thuế: 0110390803 - Đại diện pháp luật: Nguyễn Quốc Biên,HN,Hà Nội
Chi nhánh TAXI Quảng Trạch,"Địa chỉ: Thôn Minh Lợi , Xã Quảng Thọ,, Tỉnh Quảng Bình, Quảng Bình",Mã số thuế: 3100348389-001 - Đại diện pháp luật: Nguyễn Văn Lịch,QB,Quảng Bình
CHI NHÁNH TẠI BÀ RỊA - CÔNG TY CỔ PHẦN VẬN TẢI TAXI LONG THÀNH,"Địa chỉ: Số 229 Cách Mạng Tháng Tám, Phường Phước Hiệp, Thành phố Bà Rịa, Bà Rịa - Vũng Tàu",Mã số thuế: 3603304532-001 - Đại diện pháp luật: Phạm Minh Hiển,BR-VT,Bà Rịa-Vũng Tàu
Chi Nhánh Công Ty Cổ Phần Sun Taxi Tại Bình Định,"Địa chỉ: Số 66/02 Hàn Mặc Tử, Phường Ghềnh Ráng, Thành phố Quy Nhơn, Bình Định",Mã số thuế: 4201601110-005 - Đại diện pháp luật: Thái Anh Tuấn,BĐ,Bình Định
Công Ty TNHH Hương Trà Taxi,"Địa chỉ: Số 29 đường Tây Sơn, Phường Ghềnh Ráng, Thành phố Quy Nhơn, Bình Định",Mã số thuế: 4100667475 - Đại diện pháp luật: Phan Thị Khương,BĐ,Bình Định
CÔNG TY CỔ PHẦN TAXI CP HÀ NỘI,"Địa chỉ: Số 105 phố Láng Hạ, Phường Láng Hạ, Quận Đống đa, Hà Nội",Mã số thuế: 0100727617 - Đại diện pháp luật: Vũ Thị Việt Hồng,HN,Hà Nội
CÔNG TY TNHH GRABTAXI VIỆT NAM - CHI NHÁNH HÀ NỘI,"Địa chỉ: Số 1 tòa nhà Kim ánh, 78 ngõ Duy Tân, Phường Dịch Vọng Hậu, Quận Cầu Giấy, Hà Nội",Mã số thuế: 0313559639-001 - Đại diện pháp luật: Nguyễn Tuấn Anh,HN,Hà Nội
 Hà Nội  02/02/2010,"Địa chỉ: Thôn Thạch Bích, Xã Bích Hòa, Huyện Thanh Oai, Hà Nội","Địa chỉ: Thôn Thạch Bích, Xã Bích Hòa, Huyện Thanh Oai, Hà Nội",Công ty TNHH taxi Phương Nguyên,Hà Nội
Công Ty TNHH Một Thành Viên Taxi Sài Gòn Hoàng Long,"Địa chỉ: 149 Nguyễn Văn Cừ, Phường 02, Quận 5, TP Hồ Chí Minh",Mã số thuế: 0304934160 - Đại diện pháp luật: Phạm Phúc Toại,HCM,Tp Hcm
Công Ty TNHH  Taxi Thủy Hà,"Địa chỉ: Tổ 45, khu 4, Phường Cửa ông, Thành phố Cẩm Phả, Quảng Ninh",Mã số thuế: 5700762080 - Đại diện pháp luật: Nguyễn Thanh Thuỷ,QN,Quảng Ninh
Công Ty TNHH Grabtaxi Việt Nam,"Địa chỉ: Số 268 Tô Hiến Thành, Phường 15, Quận 10, TP Hồ Chí Minh",Mã số thuế: 0313559639 - Đại diện pháp luật: Nguyễn Tuấn Anh,HCM,Tp Hcm
Công Ty Cổ Phần Vận Tải Taxi Phù Yên,"Địa chỉ: Số nhà 42, Khối 12, Thị trấn Phù Yên, Huyện Phù Yên, Sơn La",Mã số thuế: 5500524723 - Đại diện pháp luật: Nguyễn Ngọc Văn,SL,Sơn La
CÔNG TY TNHH TAXI BÔNG SEN XANH,"Địa chỉ: Số 27 Nguyễn Huệ, Thị Trấn Phú Phong, Huyện Tây Sơn, Bình Định",Mã số thuế: 4101627193 - Đại diện pháp luật: Nguyễn Thị Huỳnh Liên,BĐ,Bình Định
CôNG TY TNHH TAXI NAM HảI - CHI NHáNH VĩNH PHúC,"Địa chỉ: Số nhà 39, Ngõ 5, Đường Tô Hiến Thành, Phường Đồng Tâm, Thành phố Vĩnh Yên, Vĩnh Phúc",Mã số thuế: 0106388745-001 - Đại diện pháp luật: Trương Thị Thu Hà,VP,Vĩnh Phúc
Công Ty TNHH  Một Thành Viên Vip Taxi,"Địa chỉ: 85B30, KDC 91B, Phường An Khánh, Quận Ninh Kiều, Cần Thơ",Mã số thuế: 1801111962 - Đại diện pháp luật: Nguyễn Thế Dũng,CT,Cần Thơ
CÔNG TY CỔ PHẦN TAXI ĐẤT QUẢNG,"Địa chỉ: Đường 104, Thôn Bích Trung, Xã Tam Xuân I, Huyện Núi Thành, Quảng Nam",Mã số thuế: 4001108638 - Đại diện pháp luật: Nguyễn Chí Linh,QN,Quảng Nam
Hợp tác xã TAXI Nha Trang,"Địa chỉ: 71A Thôn Phú Trung, Xã Vĩnh Thạnh, Thành phố Nha Trang, Khánh Hòa",Mã số thuế: 4200322675-031 - Đại diện pháp luật: Ngô Văn Lợi,KH,Khánh Hòa
Công Ty TNHH Một Thành Viên Taxi Đức Thuận,"Địa chỉ: Thôn Bắc, Xã Phú Hải, Huyện Hải Hà, Quảng Ninh",Mã số thuế: 5701515944 - Đại diện pháp luật: Nguyễn Văn Đấu,QN,Quảng Ninh
Chi Nhánh Công Ty Cổ Phần Taxi Hà Nội Quốc Tuấn,"Địa chỉ: Khu Chợ Giàn, Thôn Sài Thị, Xã Thuần Hưng, Huyện Khoái Châu, Hưng Yên",Mã số thuế: 0106801521-001 - Đại diện pháp luật: Nguyễn Thanh Bình,HY,Hưng Yên
CÔNG TY TNHH DỊCH VỤ TAXI TẢI TÍN PHÁT,"Địa chỉ: Số 20, hẻm 63/56/17, Phố Trần Quốc Vượng, Tổ 26,, Phường Dịch Vọng Hậu, Quận Cầu Giấy, Hà Nội",Mã số thuế: 0108917271 - Đại diện pháp luật: Lê Quang Đạt,HN,Hà Nội
Chi Nhánh Công Ty Cổ Phần Sun Taxi Tại Gia Lai,"Địa chỉ: 143 Lý Thái Tổ, Phường Yên Đỗ, Thành phố  Pleiku, Gia Lai",Mã số thuế: 4201601110-004 - Đại diện pháp luật: Nguyễn Duy Hưng,GL,Gia Lai
CÔNG TY TNHH TAXI GIA VIỄN,"Địa chỉ: Đường 477, xóm Hàng, Xã Gia Tân, Huyện Gia Viễn, Ninh Bình",Mã số thuế: 2700819729 - Đại diện pháp luật: Lâm Hoàng Công,NB,Ninh Bình
 Đắk Nông  19/05/2016,"Địa chỉ: Tổ dân phố 9, Thị trấn Đắk Mil, Huyện Đắk Mil, Đắk Nông","Địa chỉ: Tổ dân phố 9, Thị trấn Đắk Mil, Huyện Đắk Mil, Đắk Nông",Công Ty TNHH Một Thành Viên Taxi Đắk Mil,Đắk Nông
 Vĩnh Phúc  26/08/2015,"Địa chỉ: Xóm Phổ, Xã Quất Lưu, Huyện Bình Xuyên, Vĩnh Phúc","Địa chỉ: Xóm Phổ, Xã Quất Lưu, Huyện Bình Xuyên, Vĩnh Phúc",Chi Nhánh Công Ty Cổ Phần Taxi Phương Anh Tại Tỉnh Vĩnh Phúc,Vĩnh Phúc
CÔNG TY TNHH TAXI TẢI THUẬN PHƯỚC,"Địa chỉ: 18 Bàu Mạc 6, Phường Hoà Khánh Bắc, Quận Liên Chiểu, Đà Nẵng",Mã số thuế: 0401984061 - Đại diện pháp luật: Đới Văn Cường,ĐN,Đà Nẵng
HTX Vận Tải Du Lịch Taxi Việt Nam,"Địa chỉ: 194 Hoàng Văn Thụ P.09,, Quận Phú Nhuận, TP Hồ Chí Minh",Mã số thuế: 0302331167 - Đại diện pháp luật: Nguyễn Văn Minh,HCM,Tp Hcm
Chi Nhánh Công Ty Cổ Phần Sun Taxi Tại Bà Rịa -Vũng Tàu,"Địa chỉ: 18 Lê Hồng Phong, Phường 4, Thành Phố Vũng Tàu, Bà Rịa - Vũng Tàu",Mã số thuế: 4201601110-008 - Đại diện pháp luật: Phan Xuân Phúc,BR-VT,Bà Rịa-Vũng Tàu
Công ty TNHH MTV taxi Hoà Yến,"Địa chỉ: Thị trấn Nho Quan,, Huyện Nho quan, Ninh Bình",Mã số thuế: 2700578135 - Đại diện pháp luật: Dương Đức Hoà,NB,Ninh Bình
Công Ty TNHH Taxi Thái Mạnh,"Địa chỉ: Xóm Đoàn Kết, Xã Nghĩa Xuân, Huyện Quỳ Hợp, Nghệ An",Mã số thuế: 2901764420 - Đại diện pháp luật: Đàm Thanh Danh,NA,Nghệ An
Công Ty TNHH Vũ Long Hải Taxi Hoa Lư,"Địa chỉ: Số nhà 1017, đường Trần Hưng Đạo, Phường Vân Giang, Thành phố Ninh Bình, Ninh Bình",Mã số thuế: 2700282586 - Đại diện pháp luật: Nguyễn Ngọc Vũ,NB,Ninh Bình
CÔNG TY TNHH TỔNG ĐÀI TAXI HÀ NỘI,"Địa chỉ: Thôn Quyết Hạ, Xã Đông Sơn, Huyện Chương Mỹ, Hà Nội",Mã số thuế: 0110389942 - Đại diện pháp luật: Nguyễn Thị Lộc,HN,Hà Nội
Công Ty Cổ Phần Taxi Và Du Lịch Hoàng Gia,"Địa chỉ: Số 34 Lê Lợi, Phường Máy Tơ, Quận Ngô Quyền, Hải Phòng",Mã số thuế: 0200948923 - Đại diện pháp luật: Nguyễn Thị Loan,HP,Hải Phòng
HỢP TÁC XÃ TAXI UBER BÌNH DƯƠNG,"Địa chỉ: Thửa đất số 969, tờ bản đồ số 13, Mỹ Phước, Tân Vạn, khu 1, Phường Phú Mỹ, Thành phố Thủ Dầu Một, Bình Dương",Mã số thuế: 3702669196 - Đại diện pháp luật: Đỗ Tiến Hiếu,BD,Bình Dương
 Phú Thọ  10/04/2015,"Địa chỉ: Khu 2, Xã Sơn Thủy, Huyện Thanh Thuỷ, Phú Thọ","Địa chỉ: Khu 2, Xã Sơn Thủy, Huyện Thanh Thuỷ, Phú Thọ",Công Ty TNHH Thương Mại Và Dịch Vụ Taxi Thanh Thủy,Phú Thọ
 Hà Nội  22/09/2011,"Địa chỉ: Số 53, tổ 11, phố Vũ Xuân Thiều, Phường Sài Đồng, Quận Long Biên, Hà Nội","Địa chỉ: Số 53, tổ 11, phố Vũ Xuân Thiều, Phường Sài Đồng, Quận Long Biên, Hà Nội",Chi Nhánh Công Ty Cổ Phần Taxi Phú Thuỵ,Hà Nội
HTX Dịch Vụ Vận Tải Taxi Bến Thành,"Địa chỉ: 146 Lê Quốc Hưng P.12,, Quận 4, TP Hồ Chí Minh",Mã số thuế: 0302907450 - Đại diện pháp luật: Lê Văn Thành,HCM,Tp Hcm
Chi nhánh taxi Tiến - Công ty TNHH Thuỷ Hoàng Gia,"Địa chỉ: SN 722 Hoàng Quốc Việt, Phường Pom Hán,, Thành phố Lào Cai, Lào Cai",Mã số thuế: 0102746661-001 - Đại diện pháp luật: La Văn Du,LC,Lào Cai
CÔNG TY TNHH DỊCH VỤ TAXI LAM SƠN,"Địa chỉ: Nhà khách Tân Phú, đường Nguyễn Thị Định, Phường Tân Phú, Thành Phố Đồng Xoài, Bình Phước",Mã số thuế: 3801284510 - Đại diện pháp luật: Bùi Hữu Thọ,BP,Bình Phước
HTX Vận Tải Du Lịch Taxi Đất Thép 5,"Địa chỉ: 408 Phan Văn Trị, Phường 02, Quận 5, TP Hồ Chí Minh",Mã số thuế: 0303146015 - Đại diện pháp luật: Lê Văn Mười,HCM,Tp Hcm
Công Ty TNHH Vận Tải Taxi Vĩnh Bảo,"Địa chỉ: Thôn áng Ngoại (tại nhà ông Lại Đình Hà), Xã Trung Lập, Huyện Vĩnh Bảo, Hải Phòng",Mã số thuế: 0201292352 - Đại diện pháp luật: Lại Đình Hà,HP,Hải Phòng
CÔNG TY TNHH DỊCH VỤ TAXI ĐỒNG NHÂN THÀNH,"Địa chỉ: Đường Tản Đà, Khu Phố 7, Phường Thanh Sơn, TP. Phan Rang-Tháp Chàm, Ninh Thuận",Mã số thuế: 4500662633 - Đại diện pháp luật: Bùi Như Long,NT,Ninh Thuận
CÔNG TY TNHH TAXI GAS PETROLIMEX HÀ NỘI,"Địa chỉ: Số 775 đường Giải Phóng, phường Giáp Bát, Quận Hoàng Mai, Hà Nội",Mã số thuế: 0101529135 - Đại diện pháp luật: Công ty CP gas Petrolimex,HN,Hà Nội
 Thanh Hoá  16/05/2014,"Địa chỉ: Thôn 6, Xã Hoằng Ngọc, Huyện Hoằng Hoá, Thanh Hoá","Địa chỉ: Thôn 6, Xã Hoằng Ngọc, Huyện Hoằng Hoá, Thanh Hoá",Công Ty TNHH Taxi Hải Tiến,Thanh Hoá
Công Ty TNHH Một Thành Viên Taxi Thành Công Nha Trang,"Địa chỉ: 01 hẻm 14 Tổ 12 đường Hòa Trung, Phường Vĩnh Hoà, Thành phố Nha Trang, Khánh Hòa",Mã số thuế: 4201672111 - Đại diện pháp luật: Nguyễn Huy Văn,KH,Khánh Hòa
Công Ty Cổ Phần Taxi Jac,"Địa chỉ: Tổ 5, Phường Tân Long, Thành phố Thái Nguyên, Thái Nguyên",Mã số thuế: 4601107393 - Đại diện pháp luật: Nguyễn Quang Trung,TN,Thái Nguyên
CHI NHÁNH CÔNG TY CỔ PHẦN SUN TAXI TẠI ĐỒNG NAI,"Địa chỉ: 731, đường Bùi Văn Hòa, KP7, Phường Long Bình, Thành phố Biên Hoà, Đồng Nai",Mã số thuế: 4201601110-003 - Đại diện pháp luật: Phạm Công Huấn,ĐN,Đồng Nai
Công Ty TNHH Một Thành Viên Taxi Minh Hiển,"Địa chỉ: Số 349, ấp 5, Xã An Phước, Huyện Long Thành, Đồng Nai",Mã số thuế: 3603304532 - Đại diện pháp luật: Phạm Minh Hiển,ĐN,Đồng Nai
 Hà Nội  05/10/2004,"Địa chỉ: Số 105, phố Láng Hạ, Phường Láng Hạ, Quận Đống đa, Hà Nội","Địa chỉ: Số 105, phố Láng Hạ, Phường Láng Hạ, Quận Đống đa, Hà Nội",CÔNG TY CỔ PHẦN TAXI HÀ NỘI,Hà Nội
Công Ty Cổ Phần Taxi Sông Vân Ninh Bình,"Địa chỉ: 570, Phố Đoàn Kết, Phường Ninh Phong, Thành phố Ninh Bình, Ninh Bình",Mã số thuế: 2700790068 - Đại diện pháp luật: Bùi Xuân Lộc,NB,Ninh Bình
DNTN TAXI Phương Duy,"Địa chỉ: Quốc lộ 30, xã An Bình A,, Thị xã Hồng Ngự, Đồng Tháp",Mã số thuế: 1401056442 - Đại diện pháp luật: Lê Văn Phương,ĐT,Đồng Tháp
Chi Nhánh Công Ty TNHH Một Thành Viên Taxi Sài Gòn Hoàng Long Tại Phú Quốc,"Địa chỉ: Số 164A đường 30/4, khu phố 1, Thị trấn Dương Đông, Huyện Phú Quốc, Kiên Giang",Mã số thuế: 0304934160-005 - Đại diện pháp luật: Phan Văn Phong,KG,Kiên Giang
Công Ty TNHH 1 Thành Viên Taxi Hoàng Yến,"Địa chỉ: Tổ 6, khu 4, Phường Yết Kiêu, Thành phố Hạ Long, Quảng Ninh",Mã số thuế: 5701516786 - Đại diện pháp luật: Vũ Thị Lan,QN,Quảng Ninh
Công Ty Cổ Phần Vận Tải Taxi Phú Thành,"Địa chỉ: Khối phố 6, Phường Đại Nài, Thành phố Hà Tĩnh, Hà Tĩnh",Mã số thuế: 3001654240 - Đại diện pháp luật: Nguyễn Văn Vinh,HT,Hà Tĩnh
Công Ty Cổ Phần Taxi Trung Thành,"Địa chỉ: Số 278 Nguyễn Văn Linh, Phường Dư Hàng Kênh, Quận Lê Chân, Hải Phòng",Mã số thuế: 0200991566 - Đại diện pháp luật: Đỗ Văn Ngọc,HP,Hải Phòng
 Quảng Nam  20/04/1999,"Địa chỉ: 495B Phan Chu Trinh, Phước Hòa,, Thành phố Tam Kỳ, Quảng Nam","Địa chỉ: 495B Phan Chu Trinh, Phước Hòa,, Thành phố Tam Kỳ, Quảng Nam",Trạm điều hành xe Taxi Tam Kỳ,Quảng Nam
CÔNG TY CỔ PHẦN TAXI SAO MAI,"Địa chỉ: Số 311, đường Lê Lợi, Phường Yết Kiêu, Thành phố Hạ Long, Quảng Ninh",Mã số thuế: 5700669564 - Đại diện pháp luật: Vũ Việt Thư,QN,Quảng Ninh
Chi nhánh trung tâm  taxi Hoàng Hà,"Địa chỉ: SN 023 Đường Hoàng Diệu Phường Phố Mới,, Thành phố Lào Cai, Lào Cai",Mã số thuế: 5300212413-003 - Đại diện pháp luật: Nguyễn Văn Hoà,LC,Lào Cai
 Hà Nội  16/06/2023,"Địa chỉ: Thôn Thanh Vân, Xã Thanh Lâm, Huyện Mê Linh, Hà Nội","Địa chỉ: Thôn Thanh Vân, Xã Thanh Lâm, Huyện Mê Linh, Hà Nội",CÔNG TY TNHH ĐẶT XE TAXI HÀ NỘI,Hà Nội
Công Ty Trách Nhiệm Hữu Hạn Một Thành Viên Taxi Gia Đình,"Địa chỉ: Số 238, đường Bà Triệu, khóm 6, Phường 3, Thành Phố Bạc Liêu, Bạc Liêu",Mã số thuế: 1900459133 - Đại diện pháp luật: Huỳnh Minh Hải,BL,Bạc Liêu
CÔNG TY TNHH TAXI NỘI BÀI,"Địa chỉ: Km 9+400, Quốc Lộ 2, Thôn Thạch Lỗi, Xã Thanh Xuân, Huyện Sóc Sơn, Hà Nội",Mã số thuế: 0110478889 - Đại diện pháp luật: Tạ Minh Ngọc,HN,Hà Nội
Chi Nhánh Công Ty Cổ Phần Suntaxi Tại Kon Tum,"Địa chỉ: Số nhà 248, Đường Đống Đa, Phường Quang Trung, Thành phố Kon Tum, Kon Tum",Mã số thuế: 4201601110-006 - Đại diện pháp luật: Nguyễn Duy Hưng,KT,Kon Tum
Công Ty TNHH Taxi Đạt Hùng,"Địa chỉ: Thôn Đông Sơn, Xã Đông Xá, Huyện Vân Đồn, Quảng Ninh",Mã số thuế: 5700511136 - Đại diện pháp luật: Phạm  Văn Mạnh,QN,Quảng Ninh
 Bắc Giang  31/07/2008,"Địa chỉ: thôn ổi, xã Nghĩa Hồ,, Huyện Lục Ngạn, Bắc Giang","Địa chỉ: thôn ổi, xã Nghĩa Hồ,, Huyện Lục Ngạn, Bắc Giang",Công ty TNHH Taxi Thịnh Vượng,Bắc Giang
Công ty TNHH Taxi Phong Lộc,"Địa chỉ: 268 đường Minh Khai, phường Vị Hoàng,, Thành phố Nam Định, Nam Định",Mã số thuế: 0600646606 - Đại diện pháp luật: Trần Thị Vân Anh,NĐ,Nam Định
HIỆP HỘI TAXI TP. HỒ CHÍ MINH,"Địa chỉ: 14 Alexandre de Rhodes lầu 1, Phường Bến Nghé, Quận 1, TP Hồ Chí Minh",Mã số thuế: 0310156744 - Đại diện pháp luật: Tạ Long Hỷ,HCM,Tp Hcm
Trung tâm điều hành Taxi Phú Hưng,"Địa chỉ: 345 Quang trung, K.2, TT.An Khê,, Thị xã An Khê, Gia Lai",Mã số thuế: 5900270008-001 - Đại diện pháp luật: Huỳnh Thị Kim Anh,GL,Gia Lai
Công Ty TNHH Hà Anh Taxi 24h,"Địa chỉ: Số 488, Võ Thị Sáu, Phường 3, Thành Phố Bạc Liêu, Bạc Liêu",Mã số thuế: 1900561578 - Đại diện pháp luật: Phạm Tiến Dương,BL,Bạc Liêu
CÔNG TY TNHH MỘT THÀNH VIÊN TAXI TRƯỜNG TRANG,"Địa chỉ: Số nhà 514 đường Trần Phú, khu La Văn Cầu, Thị trấn Nam Sách, Huyện Nam Sách, Hải Dương",Mã số thuế: 0801035653 - Đại diện pháp luật: Phạm Thị Trang,HD,Hải Dương
Chi Nhánh Công Ty TNHH Một Thành Viên Taxi Sài Gòn Hoàng Long Tại An Giang,"Địa chỉ: Số 555/5 Phạm Cự Lượng, Phường Mỹ Quý, Thành phố Long Xuyên, An Giang",Mã số thuế: 0304934160-001 - Đại diện pháp luật: Lê Huy Cường,AG,An Giang
Công Ty TNHH Một Thành Viên Taxi Đồng Xoài,"Địa chỉ: Số nhà 30, Tổ 1A, Khu phố Tân Trà 1, Phường Tân Bình, Thị xã Đồng Xoài, Bình Phước",Mã số thuế: 3801092262 - Đại diện pháp luật: Đỗ Hải Bằng,BP,Bình Phước
VĂN PHÒNG ĐẠI DIỆN TAXI TÂY BẮC TẠI VĂN BÀN,"Địa chỉ: Nhà ông Nguyễn Quốc Huy tổ 9, Thị trấn Khánh Yên, Huyện Văn Bàn, Lào Cai",Mã số thuế: 5300681581-001 - Đại diện pháp luật: Nguyễn Văn Hiến,LC,Lào Cai
Công Ty TNHH Mtv Taxi Tải Linh Linh,"Địa chỉ: Ki ốt số 15, trung tâm thương mại Phú Lộc IV, chợ Lạng Sơn, Phường Vĩnh Trại, Thành phố Lạng Sơn, Lạng Sơn",Mã số thuế: 4900439358 - Đại diện pháp luật: Phan Văn Cường,LS,Lạng Sơn
Công ty TNHH - 1TV TAXI Vì Dân,"Địa chỉ: Phố Kim, Phượng Sơn, Xã Phượng Sơn, Huyện Lục Ngạn, Bắc Giang",Mã số thuế: 2400411625 - Đại diện pháp luật: Võ Việt Vinh,BG,Bắc Giang
HTX Xe Taxi Và Du Lịch Số 1,"Địa chỉ: 74C Hai Bà Trưng P.BN,, Quận 1, TP Hồ Chí Minh",Mã số thuế: 0300827129 - Đại diện pháp luật: Trương Văn Tư,HCM,Tp Hcm
CÔNG TY CỔ PHẦN TAXI THÀNH CÔNG,"Địa chỉ: Phòng 514 C8 TT Thành Công, phường Thành Công, Quận Ba Đình, Hà Nội",Mã số thuế: 0101809608 - Đại diện pháp luật: Nguyễn Đại ích,HN,Hà Nội
CHI NHÁNH CÔNG TY TNHH MỘT THÀNH VIÊN TAXI PHÁT ĐẠT - SỐ 02,"Địa chỉ: Thủa đất số 155, tờ bản đồ số 25, ấp Tân Lộc, Xã Tân Hội, Huyện Mỏ Cày Nam, Bến Tre",Mã số thuế: 1301011832-002 - Đại diện pháp luật: Huỳnh Văn Dũng,BT,Bến Tre
CÔNG TY TNHH VẬN TẢI TAXI ĐỨC THỊNH,"Địa chỉ: Số 72 (số cũ 353) phố Trần Quý Cáp, phường Văn Miếu, Quận Đống đa, Hà Nội",Mã số thuế: 0101762131 - Đại diện pháp luật: Phạm Danh Phương,HN,Hà Nội
Công Ty Trách Nhiệm Hữu Hạn Một Thành Viên Taxi Sơn Trang,"Địa chỉ: Số nhà 361, đường Quang Trung, tổ 28, Phường Phan Thiết, Thành Phố Tuyên Quang, Tuyên Quang",Mã số thuế: 5000797320 - Đại diện pháp luật: Đào Hồng Sơn,TQ,Tuyên Quang
CÔNG TY TNHH TAXI NAM ĐÀ,"Địa chỉ: Thôn Xuân Phú, Xã Tam Thái, Huyện Phú Ninh, Quảng Nam",Mã số thuế: 4001265119 - Đại diện pháp luật: Trần Tiến Phải,QN,Quảng Nam
Công Ty CP Dịch Vụ Vận Tải - Taxi Vina - Trans,"Địa chỉ: Khu phố 8, Phường Mũi Né, Thành phố  Phan Thiết, Bình Thuận",Mã số thuế: 3400999127 - Đại diện pháp luật: Nguyễn Thị Thanh Trúc,BT,Bình Thuận
Công Ty Cổ Phần Taxi Tc Huế,"Địa chỉ: Lô C54 khu đô thị mới An Cựu, Phường An Đông, Thành phố Huế, Thừa Thiên - Huế",Mã số thuế: 3301549582 - Đại diện pháp luật: Nguyễn Tiến Đường,TT-H,Tt Huế
Công Ty TNHH Dịch Vụ Taxi Miền Bắc,"Địa chỉ: Tầng 2, Trung tâm thương mại Đồng Quang, Phường Quang Trung, Thành phố Thái Nguyên, Thái Nguyên",Mã số thuế: 4601183725 - Đại diện pháp luật: Phạm Quý Quỳnh,TN,Thái Nguyên
Công Ty Cổ Phần Taxi Móng Cái,"Địa chỉ: Tổ 4, khu Hồng Phong, Phường Ninh Dương, Thành phố Móng cái, Quảng Ninh",Mã số thuế: 5700549281 - Đại diện pháp luật: Khổng Thanh Thu,QN,Quảng Ninh
 Bình Dương  16/03/2004,"Địa chỉ: Số 59 Thích Quảng Đức, Phường Phú Hòa, Thành phố Thủ Dầu Một, Bình Dương","Địa chỉ: Số 59 Thích Quảng Đức, Phường Phú Hòa, Thành phố Thủ Dầu Một, Bình Dương",Chi Nhánh Công Ty Cổ Phần ánh Dương Việt Nam (Taxi Vinasun Bình Dương),Bình Dương
Chi nhánh công ty cổ phần taxi Hà Nội tại Bắc Ninh,"Địa chỉ: Đường Nguyễn Đăng Đạo, khu 10, Phường Đại Phúc, Thành phố Bắc Ninh, Bắc Ninh",Mã số thuế: 0101537520-001 - Đại diện pháp luật: Nguyễn Văn Hưởng,BN,Bắc Ninh
 Tiền Giang  25/01/2010,"Địa chỉ: 481B đường ấp Bắc,, Phường 5, Thành phố Mỹ Tho, Tiền Giang","Địa chỉ: 481B đường ấp Bắc,, Phường 5, Thành phố Mỹ Tho, Tiền Giang",Công Ty TNHH 1 Thành Viên Tây Sài Gòn Du Lịch Taxi,Tiền Giang
Chi Nhánh Cà Mau - Công Ty Cổ Phần Taxi Mekong,"Địa chỉ: Số 86, đường Lý Bôn, Khóm 1, Phường 4, Thành phố  Cà Mau, Cà Mau",Mã số thuế: 2200688531-002 - Đại diện pháp luật: Đỗ Hiếu Đạo,CM,Cà Mau
 Bến Tre  04/07/2016,"Địa chỉ: Số 196/4, khu phố 4, Thị trấn Thạnh Phú, Huyện Thạnh Phú, Bến Tre","Địa chỉ: Số 196/4, khu phố 4, Thị trấn Thạnh Phú, Huyện Thạnh Phú, Bến Tre",CÔNG TY TNHH MỘT THÀNH VIÊN TAXI PHÁT ĐẠT,Bến Tre
CÔNG TY CỔ PHẦN TAXI THÀNH CÔNG VIỆT NAM,"Địa chỉ: Số 329 Bồ Đề, Phường Bồ Đề, Quận Long Biên, Hà Nội",Mã số thuế: 0102558964 - Đại diện pháp luật: Nguyễn Anh Quân,HN,Hà Nội
"CÔNG TY TNHH BẢO VỆ Ý TƯỞNG ĐẦU TƯ VÀ SẢN XUẤT ,THƯƠNG MẠI VẬN TẢI TAXI DU LỊCH VIỆT NAM","Địa chỉ: Số 11B Ngõ 28 đường Phan Đình Giót, TDP 2, Phường La Khê, Quận Hà Đông, Hà Nội",Mã số thuế: 0108176506 - Đại diện pháp luật: Hoàng Chi Lăng,HN,Hà Nội
CÔNG TY TNHH TAXI QUỐC AN,"Địa chỉ: (NR Nguyễn Trường Giang) thôn Thân Thượng, Xã Yên Trung, Huyện Yên Phong, Bắc Ninh",Mã số thuế: 2300973765 - Đại diện pháp luật: Nguyễn Trường Giang,BN,Bắc Ninh
Công Ty Trách Nhiệm Hữu Hạn Taxi Tân Việt,"Địa chỉ: Số nhà 231, tổ 13, Phường Nguyễn Trãi, TP Hà Giang, Hà Giang",Mã số thuế: 5100344652 - Đại diện pháp luật: Vừ Thị Mai Hương,HG,Hà Giang
Hợp tác xã vận tải VINA Taxi Cà Mau,"Địa chỉ: Số 59, Bông Văn Dĩa, Khóm 4, Phường 5, Thành phố  Cà Mau, Cà Mau",Mã số thuế: 2001037736 - Đại diện pháp luật: Trương Lê Quốc Kỳ,CM,Cà Mau
CÔNG TY TNHH 1 THÀNH VIÊN GV TAXI,"Địa chỉ: Số 106A Cư Xá Nguyễn Văn Trỗi, Phường 17, Quận Phú Nhuận, TP Hồ Chí Minh",Mã số thuế: 0317866020 - Đại diện pháp luật: Nguyễn Văn Hùng,HCM,Tp Hcm
Công Ty TNHH 1 Thành Viên Nuôi Trồng Thủy Sản Và Taxi Mỹ Hải,"Địa chỉ: Tổ 8, khu 8, Phường Bãi Cháy, Thành phố Hạ Long, Quảng Ninh",Mã số thuế: 5700798513 - Đại diện pháp luật: Bùi Thị Hoàn,QN,Quảng Ninh
CÔNG TY CỔ PHẦN TAXI MỸ VIỆT,"Địa chỉ: 85 phố Mã Mây, phường Hàng Buồm, Quận Hoàn Kiếm, Hà Nội",Mã số thuế: 0101847868 - Đại diện pháp luật: Ngô Tiến Minh,HN,Hà Nội
Công ty cổ phần taxi An Khánh,"Địa chỉ: Thôn Nhân Mỹ, Phường Mỹ Đình 1, Quận Nam Từ Liêm, Hà Nội",Mã số thuế: 0104436640 - Đại diện pháp luật: Nguyễn Đình Thi,HN,Hà Nội
 Hà Nội  24/08/2007,"Địa chỉ: Số 7, ngõ 77, đường Xuân La, tổ 12, cụm 2, Phường Xuân La, Quận Tây Hồ, Hà Nội","Địa chỉ: Số 7, ngõ 77, đường Xuân La, tổ 12, cụm 2, Phường Xuân La, Quận Tây Hồ, Hà Nội",CÔNG TY CỔ PHẦN VẬN TẢI TAXI HÀ NỘI MỚI,Hà Nội
Công Ty Trách Nhiệm Hữu Hạn Taxi Lăng Cô,"Địa chỉ: Thôn Loan Lý, Thị trấn Lăng Cô, Huyện Phú Lộc, Thừa Thiên - Huế",Mã số thuế: 3301256716 - Đại diện pháp luật: Phan Thanh Tân,TT-H,Tt Huế
Công Ty TNHH Truyền Thông Star Taxi,"Địa chỉ: Số 69 Phạm Ngọc Thạch, Phường 06, Quận 3, TP Hồ Chí Minh",Mã số thuế: 0312996869 - Đại diện pháp luật: Lê Phục Như,HCM,Tp Hcm
CÔNG TY CỔ PHẦN DỊCH VỤ VẬN TẢI VÀ THƯƠNG MẠI DU LỊCH TAXI TRIP,"Địa chỉ: Số 7, Thôn Đồng, Xã Nguyên Khê, Huyện Đông Anh, Hà Nội",Mã số thuế: 0108160506 - Đại diện pháp luật: Nguyễn Văn Hướng,HN,Hà Nội
CÔNG TY TNHH TAXI SƠN PHƯƠNG,"Địa chỉ: Thôn Hồng Hà, Phường Phương Nam, Thành phố Uông Bí, Quảng Ninh",Mã số thuế: 5701827069 - Đại diện pháp luật: Nguyễn Thị Kim Loan,QN,Quảng Ninh
Công Ty TNHH Vận Tải Taxi Aus-Fin,"Địa chỉ: Số 7/76 ngách 40 đường 193 Văn Cao, Phường Đằng Lâm, Quận Hải An, Hải Phòng",Mã số thuế: 0201249244 - Đại diện pháp luật: Nguyễn Thị Hảo,HP,Hải Phòng
Hợp tác xã Taxi Thành Hưng,"Địa chỉ: 148A Trần Nguyên Hãn, Phường Phước Hòa, Thành phố Nha Trang, Khánh Hòa",Mã số thuế: 4200813031 - Đại diện pháp luật: Trần Tiến Minh,KH,Khánh Hòa
Doanh Nghiệp Tư Nhân Taxi Trung,"Địa chỉ: Tổ 2, Thị trấn Đức An, Huyện Đắk Song, Đắk Nông",Mã số thuế: 6400350521 - Đại diện pháp luật: Lê Quang Trung,ĐN,Đắk Nông
Công Ty TNHH Tm&Dv Taxi Trường Hải,"Địa chỉ: Thôn Cả, Xã Tân Thịnh, Huyện Lạng Giang, Bắc Giang",Mã số thuế: 2400769072 - Đại diện pháp luật: Nguyễn Mạnh Giang,BG,Bắc Giang
Công Ty Cổ Phần Taxi Tây Đô,"Địa chỉ: Trung Kiên, Phường Dương Nội, Quận Hà Đông, Hà Nội",Mã số thuế: 0103818100 - Đại diện pháp luật: Đặng Hùng Cường,HN,Hà Nội
Cty TNHH thương mại và dịch vụ  TAXI Hoa Hồng,"Địa chỉ: Khu 8, thôn Báo Văn, xã Đồng Văn,, Huyện Yên Lạc, Vĩnh Phúc",Mã số thuế: 2500375064 - Đại diện pháp luật: Tô Thị Tới,VP,Vĩnh Phúc
CÔNG TY TNHH TAXI HOÀNG MAI,"Địa chỉ: Thôn Phù Yên, Xã Yên Lập, Huyện Vĩnh Tường, Vĩnh Phúc",Mã số thuế: 2500579981 - Đại diện pháp luật: Trần Văn Thục,VP,Vĩnh Phúc
Công Ty TNHH Taxi Minh Trung,"Địa chỉ: Lô 65, đường Nguyễn Văn, Phường Ghềnh Ráng, Thành phố Quy Nhơn, Bình Định",Mã số thuế: 4100692030 - Đại diện pháp luật: Từ Minh Trung,BĐ,Bình Định
CÔNG TY TNHH TAXI XUÂN THÀNH,"Địa chỉ: Đường Trịnh Tú, Khu đô thị Xuân Thành, Phường Ninh Khánh, Thành phố Ninh Bình, Ninh Bình",Mã số thuế: 2700899499 - Đại diện pháp luật: Phạm Anh Tuấn,NB,Ninh Bình
CÔNG TY TNHH THƯƠNG MẠI DỊCH VỤ HAPPY TAXI,"Địa chỉ: Số 131 Ấp Bình Tiền 2, Xã Đức Hòa Hạ, Huyện Đức Hoà, Long An",Mã số thuế: 1102037924 - Đại diện pháp luật: Lê Anh Khoa,LA,Long An
HTX Vận Tải Taxi Lữ Hành Sơn Hà,"Địa chỉ: 2 Phú Thọ Hoà P.Phú Thọ Hoà,, Quận Tân phú, TP Hồ Chí Minh",Mã số thuế: 0302692300 - Đại diện pháp luật: Nguyễn Giang Sơn,HCM,Tp Hcm
Công Ty Cổ Phần Nha Trang Taxi,"Địa chỉ: Sô 01, đường Mê Linh, Phường Phước Tiến, Thành phố Nha Trang, Khánh Hòa",Mã số thuế: 4200361346 - Đại diện pháp luật: Lê Văn Lân,KH,Khánh Hòa
 Đồng Nai  28/03/2008,"Địa chỉ: Khu 2, ấp 7, Xã An Phước, Huyện Long Thành, Đồng Nai","Địa chỉ: Khu 2, ấp 7, Xã An Phước, Huyện Long Thành, Đồng Nai",Công Ty TNHH Một Thành Viên Mô Tô Taxi Trần Hồ,Đồng Nai
 Hà Nội  15/11/2011,"Địa chỉ: Số 25/60/221 đường Tôn Đức Thắng, Phường Hàng Bột, Quận Đống đa, Hà Nội","Địa chỉ: Số 25/60/221 đường Tôn Đức Thắng, Phường Hàng Bột, Quận Đống đa, Hà Nội",Công Ty Cổ Phần Taxi Hằng Hiếu,Hà Nội
CÔNG TY TNHH THƯƠNG MẠI VÀ DỊCH VỤ EZITAXI,"Địa chỉ: Phòng 802, Vietnam Business Center, Số 57, 59 Hồ Tùng Mậu, Phường Bến Nghé, Quận 1, TP Hồ Chí Minh",Mã số thuế: 0312443906 - Đại diện pháp luật: Phan Đình Quốc,HCM,Tp Hcm
Công Ty Cổ Phần Dịch Vụ Taxi Abc - Chi Nhánh Vĩnh Phúc,"Địa chỉ: Km 14, Quốc Lộ 2, Phường Phúc Thắng, Thị xã Phúc Yên, Vĩnh Phúc",Mã số thuế: 0102239485-002 - Đại diện pháp luật: Nguyễn Hồng Hải,VP,Vĩnh Phúc
CÔNG TY TNHH KẾT NỐI TAXI NỘI BÀI,"Địa chỉ: Thôn Lập Trí, Xã Minh Trí, Huyện Sóc Sơn, Hà Nội",Mã số thuế: 0106514816 - Đại diện pháp luật: Nguyễn Văn Xuân,HN,Hà Nội
HTX XE VẬN TẢI DU LỊCH TAXI 27/7,"Địa chỉ: 34 Đường Số 13, P5, Q Gò Vấp, Phường 5, Quận Gò Vấp, TP Hồ Chí Minh",Mã số thuế: 0302060284 - Đại diện pháp luật: Dương Tiến Thự,HCM,Tp Hcm
Công ty vận chuyển khách du lịch và taxi,"Địa chỉ: Số 240 đường Láng, phường Láng Hạ,, Quận Đống đa, Hà Nội",Mã số thuế: 0100108247-002 - Đại diện pháp luật: Trần Đức Minh,HN,Hà Nội
Chi Nhánh Tiền Giang-Công Ty Cổ Phần Taxi Mekong,"Địa chỉ: 303G Lê Văn Phẩm, Khu phố 4, Phường 5, Thành phố Mỹ Tho, Tiền Giang",Mã số thuế: 2200688531-005 - Đại diện pháp luật: Đỗ Hiếu Đạo,TG,Tiền Giang
CôNG TY TNHH MộT THàNH VIêN TAXI THàNH CôNG QUảNG TRị,"Địa chỉ: 77 Lê Văn Hưu, Phường Đông Lễ, Thành phố Đông Hà, Quảng Trị",Mã số thuế: 3200629721 - Đại diện pháp luật: Nguyễn Khoa Chiến,QT,Quảng Trị
CÔNG TY CỔ PHẦN TAXIHIGHTECH VIỆT NAM,"Địa chỉ: Xóm Cầu, thôn Hòa Mỹ, Xã Hồng Minh, Huyện Phú Xuyên, Hà Nội",Mã số thuế: 0106520908 - Đại diện pháp luật: Nguyễn Thanh Tùng,HN,Hà Nội
DOANH NGHIỆP TƯ NHÂN TAXI TẢI ANH THƯ,"Địa chỉ: 223, 225 Lê Duẩn, Phường Ea Tam, TP.Buôn Ma Thuột, Đắk Lắk",Mã số thuế: 6000398769 - Đại diện pháp luật: Nguyễn Thị Hảo,ĐL,Đắk Lắk
Công Ty TNHH Thương Mại Và Dịch Vụ Taxi Tải Thành Hưng,"Địa chỉ: Số 21/1B ấp Hưng Lân, Xã Bà Điểm, Huyện Hóc Môn, TP Hồ Chí Minh",Mã số thuế: 0313614985 - Đại diện pháp luật: Nguyễn Thị Thanh Tuyền,HCM,Tp Hcm
Công Ty Cổ Phần Taxi Thành Tâm,"Địa chỉ: Chuyển đến: Thôn Phúc Vượng, Xã Phúc ứng, Huyện Sơn Dương, Tuyên Quang",Mã số thuế: 5000799670 - Đại diện pháp luật: Nguyễn Văn Tâm,TQ,Tuyên Quang
Công ty TNHH Taxi Thanh Trang,"Địa chỉ: Số 192 đường 38A, Lộc Vượng,, Thành phố Nam Định, Nam Định",Mã số thuế: 0600327825 - Đại diện pháp luật: Trần Gia Vương,NĐ,Nam Định
Công Ty TNHH Một Thành Viên Taxi Thành Công Ninh Bình,"Địa chỉ: Lô C5 Khu Công nghiệp Gián Khẩu, Xã Gia Trấn, Huyện Gia Viễn, Ninh Bình",Mã số thuế: 2700786914 - Đại diện pháp luật: Nguyễn Anh Quân,NB,Ninh Bình
Chi Nhánh Công Ty TNHH Taxi Sen Hồng,"Địa chỉ: Lầu 1, Số 46, Đốc Binh Kiều, Phường 2, Thành phố Cao Lãnh, Đồng Tháp",Mã số thuế: 1402040212-001 - Đại diện pháp luật: Nguyễn Hoàng Kỳ,ĐT,Đồng Tháp
CÔNG TY TNHH KINH DOANH THƯƠNG MẠI TAXI TẢI SÀI GÒN XANH,"Địa chỉ: 25 Đường TCH 17, phường Tân Chánh Hiệp, Quận 12, TP Hồ Chí Minh",Mã số thuế: 0314376839 - Đại diện pháp luật: Trần Huy Cường,HCM,Tp Hcm
CHI NHÁNH PHÚ LƯƠNG - CÔNG TY TNHH DỊCH VỤ TAXI MIỀN BẮC,"Địa chỉ: Tiểu khu Thái An, Thị trấn Đu, Huyện Phú Lương, Thái Nguyên",Mã số thuế: 4601183725-001 - Đại diện pháp luật: Phạm Quý Quỳnh,TN,Thái Nguyên
Chi Nhánh Cần Thơ Công Ty Cổ Phần Taxi Mekong,"Địa chỉ: Lô 3A, đường Quang Trung, KDC Hưng Phú 1, Phường Hưng Phú, Quận Cái Răng, Cần Thơ",Mã số thuế: 2200688531-001 - Đại diện pháp luật: Đỗ Hiếu Đạo,CT,Cần Thơ
VPĐD CTY TNHH MTV TAXI SÀI GÒN HOÀNG LONG,"Địa chỉ: 284/72/1K Lý Thường Kiệt P.14, Phường 14, Quận 10, TP Hồ Chí Minh",Mã số thuế: 0304934160-004 - Đại diện pháp luật: Nguyễn Văn Khanh,HCM,Tp Hcm
CÔNG TY TNHH THƯƠNG MẠI VÀ DỊCH VỤ TAXI TRUNG DŨNG,"Địa chỉ: Thôn Bạch Xa (tại nhà ông Hoàng Văn Vượt), Xã Nam Hưng, Huyện Tiên Lãng, Hải Phòng",Mã số thuế: 0201186026 - Đại diện pháp luật: Hoàng Văn Vượt,HP,Hải Phòng
CÔNG TY TNHH DONA TAXI,"Địa chỉ: Số 04 Thành Thái, Khu phố Tân Lập, Phường Phước Tân, Thành phố Biên Hoà, Đồng Nai",Mã số thuế: 3603901384 - Đại diện pháp luật: Hoàng Phạm Duy,ĐN,Đồng Nai
CÔNG TY CỔ PHẦN TAXI LẠNG SƠN,"Địa chỉ: Số 584B, đường Trần Đăng Ninh, Xã Hoàng Đồng, Thành phố Lạng Sơn, Lạng Sơn",Mã số thuế: 4900772599 - Đại diện pháp luật: Hoàng Đạo Hưng,LS,Lạng Sơn
CÔNG TY CỔ PHẦN XÂY LẮP ĐIỆN LỰC THANH HOÁ - CHI NHÁNH TAXI BẮC TRUNG NAM,"Địa chỉ: Số 321 Bà Triệu, Phường Hàm Rồng, Thành phố Thanh Hoá, Thanh Hoá",Mã số thuế: 2800225648-004 - Đại diện pháp luật: Lê Thị Thục,TH,Thanh Hoá
CÔNG TY CỔ PHẦN TAXI BẮC TRUNG NAM THANH HÓA,"Địa chỉ: Số 321 Bà Triệu, Phường Hàm Rồng, Thành phố Thanh Hoá, Thanh Hoá",Mã số thuế: 2802253288 - Đại diện pháp luật: Mai Thị Dần,TH,Thanh Hoá
 Kiên Giang  27/04/2005,"Địa chỉ: B4,15,16,17 khu Lấn Biển,, Thành phố Rạch Giá, Kiên Giang","Địa chỉ: B4,15,16,17 khu Lấn Biển,, Thành phố Rạch Giá, Kiên Giang",DNTN Taxi Hoàng Khương,Kiên Giang
 Phú Yên  04/01/2017,"Địa chỉ: Thôn Liên Trì 1, Xã Bình Kiến, TP Tuy Hoà, Phú Yên","Địa chỉ: Thôn Liên Trì 1, Xã Bình Kiến, TP Tuy Hoà, Phú Yên",DOANH NGHIỆP TƯ NHÂN TAXI TẢI PHONG PHÚ,Phú Yên
Công Ty Cổ Phần Dịch Vụ Taxi Abc - Chi Nhánh Hoà Bình,"Địa chỉ: Tiểu khu 7, Thị trấn Lương Sơn, Huyện Lương Sơn, Hòa Bình",Mã số thuế: 0102239485-004 - Đại diện pháp luật: Nguyễn Hồng Hải,HB,Hòa Bình
Công ty cổ phần TAXI  Việt Anh,"Địa chỉ: Thôn Phù liễn, Xã Thuỷ sơn,, Huyện Thuỷ Nguyên, Hải Phòng",Mã số thuế: 0200511869 - Đại diện pháp luật: Nguyễn Đúc Mạnh,HP,Hải Phòng
CÔNG TY CỔ PHẦN TAXI VIỆT HƯNG,"Địa chỉ: P.504, nhà K7 khu ĐT mới Việt Hưng, P. Việt Hưng, Quận Long Biên, Hà Nội",Mã số thuế: 0102046010 - Đại diện pháp luật: Phạm Thị Ngọc Anh,HN,Hà Nội
Công ty cổ phần Taxi CP Hà Nội - Chi nhánh Bắc Ninh,"Địa chỉ: Số 74 đường Huyền Quang, Phường Ninh Xá, Thành phố Bắc Ninh, Bắc Ninh",Mã số thuế: 0100727617-003 - Đại diện pháp luật: Vũ Thị Việt Hồng,BN,Bắc Ninh
Công Ty TNHH Một Thành Viên Taxi Thành Hưng,"Địa chỉ: 63 Trần Thánh Tông, Phường Thống Nhất, Thành phố Nam Định, Nam Định",Mã số thuế: 0600965592 - Đại diện pháp luật: Vũ Thị Thuận Hòa,NĐ,Nam Định
CÔNG TY TNHH MỘT THÀNH VIÊN TAXI KIM BÔI,"Địa chỉ: Số nhà, Khu Hoa Lư, Thị Trấn Bo, Huyện Kim Bôi, Hòa Bình",Mã số thuế: 5400322970 - Đại diện pháp luật: Phạm  Đức  Hoàn,HB,Hòa Bình
 Bình Phước  05/10/2016,"Địa chỉ: Khu phố Bình Giang 2, Phường Sơn Giang, Thị xã  Phước Long, Bình Phước","Địa chỉ: Khu phố Bình Giang 2, Phường Sơn Giang, Thị xã  Phước Long, Bình Phước",VĂN PHÒNG ĐẠI DIỆN CÔNG TY TNHH MỘT THÀNH VIÊN TAXI PHƯỚC BÌNH,Bình Phước
HTX Vận Tải Du Lịch Taxi Bến Thành,"Địa chỉ: 8 Đặng Trần Côn P.BT,, Quận 1, TP Hồ Chí Minh",Mã số thuế: 0302333541 - Đại diện pháp luật: Lê Thanh Quang,HCM,Tp Hcm
Chi Nhánh Công Ty Cổ Phần Sun Taxi Tại Bình Thuận,"Địa chỉ: 264 Thủ Khoa Huân, Phường Phú Thủy, Thành phố  Phan Thiết, Bình Thuận",Mã số thuế: 4201601110-007 - Đại diện pháp luật: Nguyễn Duy Hưng,BT,Bình Thuận
CÔNG TY TNHH MỘT THÀNH VIÊN TAXI MINH PHƯƠNG,"Địa chỉ: Tổ dân phố 2, Phường Nghĩa Phú, Thị xã Gia Nghĩa, Đắk Nông",Mã số thuế: 6400358601 - Đại diện pháp luật: Lư Minh Phương,ĐN,Đắk Nông
HỢP TÁC XÃ TAXI SÂN BAY CÀ MAU,"Địa chỉ: Số 14B, Kinh Xáng Bạc Liêu, Khóm 7, Phường 7, Thành phố  Cà Mau, Cà Mau",Mã số thuế: 2001028717 - Đại diện pháp luật: Vương Thanh Hà,CM,Cà Mau
CÔNG TY TNHH TAXI TRUNG HIẾU,"Địa chỉ: (NR Nguyễn Văn Kiên) Thôn Trần Xá, Xã Yên Trung, Huyện Yên Phong, Bắc Ninh",Mã số thuế: 2300891671 - Đại diện pháp luật: Nguyễn Văn Kiên,BN,Bắc Ninh
 Vĩnh Long  29/03/2016,"Địa chỉ: Số 62 đường Phạm Thái Bường, Phường 4, Thành phố  Vĩnh Long, Vĩnh Long","Địa chỉ: Số 62 đường Phạm Thái Bường, Phường 4, Thành phố  Vĩnh Long, Vĩnh Long",Chi Nhánh Vĩnh Long - Công Ty Cổ Phần Taxi Mekong,Vĩnh Long
Chi Nhánh Công Ty TNHH Taxi Đại Hòa Phát Tại Thành Phố Hà Nội,"Địa chỉ: Số 281, đường Tựu Liệt, Xã Tam Hiệp, Huyện Thanh Trì, Hà Nội",Mã số thuế: 2500513564-001 - Đại diện pháp luật: Nguyễn Văn Tú,HN,Hà Nội
Doanh Nghiệp Tư Nhân Quí-Taxi,"Địa chỉ: 09 Chu Văn An,, Thành phố Quy Nhơn, Bình Định",Mã số thuế: 4100266699 - Đại diện pháp luật: Nguyễn Hữu Hiệp,BĐ,Bình Định
Công Ty TNHH Một Thành Viên Taxi Hoàng Gia,"Địa chỉ: Tổ 1, khu phố Phú Xuân, Phường Tân Phú, Thị xã Đồng Xoài, Bình Phước",Mã số thuế: 3801071671 - Đại diện pháp luật: Hoàng Văn Kiên,BP,Bình Phước
CÔNG TY CỔ PHẦN VẬN TẢI PHƯƠNG ĐÔNG-TAXI ĐẠI PHÚ,"Địa chỉ: Số 15 ngõ 622/105 phố Minh Khai, p.Vĩnh Tuy, Quận Hai Bà Trưng, Hà Nội",Mã số thuế: 0102400060 - Đại diện pháp luật: Lê Khắc Phương,HN,Hà Nội
Công Ty TNHH Một Thành Viên Taxi Hoàng Dương,"Địa chỉ: Tổ 51, khu Bến Do, Phường Cẩm Trung, Thành phố Cẩm Phả, Quảng Ninh",Mã số thuế: 5701468684 - Đại diện pháp luật: Vũ Văn Đợi,QN,Quảng Ninh
Công Ty CP Taxi Chiến Nga,"Địa chỉ: Khu 6, Thị trấn ái Nghĩa, Huyện Đại Lộc, Quảng Nam",Mã số thuế: 4000998586 - Đại diện pháp luật: Lê Văn Sơn,QN,Quảng Nam
CÔNG TY TNHH ĐẮK LẮK TAXI,"Địa chỉ: Số 11 đường Phù Đổng, Phường Tân An, TP.Buôn Ma Thuột, Đắk Lắk",Mã số thuế: 6000930221 - Đại diện pháp luật: Lê Thị Yến,ĐL,Đắk Lắk
 Phú Yên  16/03/2004,"Địa chỉ: 123A Lê Thánh Tôn, P3,, TP Tuy Hoà, Phú Yên","Địa chỉ: 123A Lê Thánh Tôn, P3,, TP Tuy Hoà, Phú Yên",Công ty TNHH TAXI Phú Yên,Phú Yên
Công Ty Cổ Phần Taxi Đông Triều,"Địa chỉ: Thôn Thượng 1, Xã Tràng An, Thị Xã Đông Triều, Quảng Ninh",Mã số thuế: 5701769635 - Đại diện pháp luật: Bùi Duy Tùng,QN,Quảng Ninh
Chi Nhánh Công Ty Cổ Phần Sun Taxi Tại Ninh Thuận,"Địa chỉ: Số 145 Trần Phú, Phường Phủ Hà, TP. Phan Rang, Tháp Chàm, Ninh Thuận",Mã số thuế: 4201601110-010 - Đại diện pháp luật: Nguyễn Duy Hưng,NT,Ninh Thuận
Công Ty Cổ Phần Taxi Kim Liên,"Địa chỉ: Số 7, phố Lê Lợi, Phường Quảng Yên, Thị xã  Quảng Yên, Quảng Ninh",Mã số thuế: 5700535289 - Đại diện pháp luật: Vũ Ngọc Hùng,QN,Quảng Ninh
DOANH NGHIỆP TƯ NHÂN THƯƠNG MẠI TAXI NAM HẢI,"Địa chỉ: Thôn Dược Thượng, Xã Tiên Dược, Huyện Sóc Sơn, Hà Nội",Mã số thuế: 0106538951 - Đại diện pháp luật: Nguyễn Văn Anh,HN,Hà Nội
CÔNG TY TNHH MTV TAXI XANH,"Địa chỉ: B6-36, Phường VII, Thành phố Vị Thanh, Hậu Giang",Mã số thuế: 6300360614 - Đại diện pháp luật: Trịnh Phước Trung,HG,Hậu Giang
Công Ty TNHH Một Thành Viên Taxi Phước Bình,"Địa chỉ: Số 70, Khu phố 3, Phường Long Phước, Thị xã  Phước Long, Bình Phước",Mã số thuế: 3801126352 - Đại diện pháp luật: Lê Thị Vân,BP,Bình Phước
Chi Nhánh Công Ty Cổ Phần Taxi Cường Thịnh,"Địa chỉ: Phố Mới, Thị trấn Như Quỳnh, Huyện Văn Lâm, Hưng Yên",Mã số thuế: 0102737730-003 - Đại diện pháp luật: Phan Xuân Tú,HY,Hưng Yên
HTX TAXI  Nha Trang,"Địa chỉ: 71A Phú Trung, Vĩnh Thạnh,, Thành phố Nha Trang, Khánh Hòa",Mã số thuế: 4200322675 - Đại diện pháp luật: Ngô Văn Lợi,KH,Khánh Hòa
 TP Hồ Chí Minh  01/12/1998,"Địa chỉ: Số 89, Đường Cách Mạng Tháng Tám, Phường Bến Thành, Quận 1, TP Hồ Chí Minh","Địa chỉ: Số 89, Đường Cách Mạng Tháng Tám, Phường Bến Thành, Quận 1, TP Hồ Chí Minh",Công Ty Taxi Việt Nam,Tp Hcm
Công Ty TNHH Hoàng Kim Taxi,"Địa chỉ: ấp 1 (thửa đất số 26,27,28; tờ bản đồ số 12), Xã Hữu Định, Huyện Châu Thành, Bến Tre",Mã số thuế: 1300491801 - Đại diện pháp luật: Võ Thị Xuân Lan,BT,Bến Tre
CÔNG TY TNHH HOÀI BÃO CHI NHÁNH TAXI TÂY NGUYÊN,"Địa chỉ: Số 57 đường Hùng Vương, Tổ dân phố 3, P.An Lạc, Phường An Lạc, Thị xã Buôn Hồ, Đắk Lắk",Mã số thuế: 6001185499-001 - Đại diện pháp luật: Đặng Anh Hoài,ĐL,Đắk Lắk
 Bắc Ninh  05/03/2015,"Địa chỉ: (NR: ông Trần Văn Tại), thôn Phủ, Xã Ninh Xá, Huyện Thuận Thành, Bắc Ninh","Địa chỉ: (NR: ông Trần Văn Tại), thôn Phủ, Xã Ninh Xá, Huyện Thuận Thành, Bắc Ninh",Công Ty Cổ Phần Taxi Lan Anh,Bắc Ninh
CÔNG TY CỔ PHẦN VẬN TẢI TAXI NỮ,"Địa chỉ: Tầng 2 ô 13, Lô 1, Đền Lừ 1, P.Hoàng Văn Thụ, Quận Hoàng Mai, Hà Nội",Mã số thuế: 0102346039 - Đại diện pháp luật: Đỗ Thu Hà,HN,Hà Nội
Bảo Việt Taxi - Chi Nhánh Công Ty Cổ Phần Thương Mại Bmv,"Địa chỉ: Số 20, ngõ 408, đường Xuân Đỉnh, Phường Xuân Đỉnh, Quận Bắc Từ Liêm, Hà Nội",Mã số thuế: 0101617462-003 - Đại diện pháp luật: Nguyễn Văn Trực,HN,Hà Nội
CHI NHÁNH CÔNG TY CỔ PHẦN SUN TAXI TẠI THÀNH PHỐ HẢI PHÒNG,"Địa chỉ: Số G70 khu biệt thự Mê Linh, Phường Anh Dũng, Quận Dương Kinh, Hải Phòng",Mã số thuế: 4201601110-012 - Đại diện pháp luật: Vũ Văn Việt,HP,Hải Phòng
CÔNG TY TNHH MTV DỊCH VỤ CHẤT LƯỢNG CAO TAXI TẢI 666,"Địa chỉ: 672/19 Trần Cao Vân, Phường Xuân Hà, Quận Thanh Khê, Đà Nẵng",Mã số thuế: 0401884204 - Đại diện pháp luật: Đinh Phú Hát,ĐN,Đà Nẵng
Công Ty Trách Nhiệm Hữu Hạn Một Thành Viên Taxi Tân Lạc,"Địa chỉ: Nhà ông Bùi Thành Quang, Khu 3, Thị trấn Mường Khến, Huyện Tân Lạc, Hòa Bình",Mã số thuế: 5400426472 - Đại diện pháp luật: Bùi Thành Quang,HB,Hòa Bình
Công Ty CP Vận Tải Taxi Hoành Sơn,"Địa chỉ: Tiểu Khu 1, Khu phố 1, Phường Sông Trí, Thị xã Kỳ Anh, Hà Tĩnh",Mã số thuế: 3001511186 - Đại diện pháp luật: Hồ Song Hào,HT,Hà Tĩnh
Công Ty TNHH 1 Tv Taxi Tải Hạ Long,"Địa chỉ: Tổ 2, khu 2, Phường Yết Kiêu, Thành phố Hạ Long, Quảng Ninh",Mã số thuế: 5701453261 - Đại diện pháp luật: Đỗ Quang Bắc,QN,Quảng Ninh
 TP Hồ Chí Minh  27/02/2023,"Địa chỉ: 233 Đặng Thùy Trâm, Phường 13, Quận Bình Thạnh, TP Hồ Chí Minh","Địa chỉ: 233 Đặng Thùy Trâm, Phường 13, Quận Bình Thạnh, TP Hồ Chí Minh",CÔNG TY TNHH DỊCH VỤ DU LỊCH GOTAXICAR,Tp Hcm
 Khánh Hòa  21/05/2010,"Địa chỉ: 11C Trần Phú, Phường Vĩnh Nguyên, Thành phố Nha Trang, Khánh Hòa","Địa chỉ: 11C Trần Phú, Phường Vĩnh Nguyên, Thành phố Nha Trang, Khánh Hòa",Hợp Tác Xã Taxi Phước Hùng,Khánh Hòa
Công ty Cổ Phần TAXI Phú Thuỵ,"Địa chỉ: Số 274, chợ Đường Cái, xã Đình Dù,, Huyện Văn Lâm, Hưng Yên",Mã số thuế: 0900282276 - Đại diện pháp luật: Phùng Thị Hương,HY,Hưng Yên
Chi Nhánh Công Ty TNHH Tm&Dv Taxi Trường Hải - Lạng Sơn,"Địa chỉ: Thôn Sơn Tây, Xã Yên Vượng, Huyện Hữu Lũng, Lạng Sơn",Mã số thuế: 2400769072-001 - Đại diện pháp luật: Nguyễn Mạnh Giang,LS,Lạng Sơn
CHI NHÁNH CÔNG TY CỔ PHẦN PHÚ MỸ - TRUNG TÂM ĐIỀU HÀNH TAXI,"Địa chỉ: Số 02/5 Đường Thành, tổ 1, Thị trấn Đông Hưng, Huyện Đông Hưng, Thái Bình",Mã số thuế: 1000395945-001 - Đại diện pháp luật: Lưu Ngọc Thuân,TB,Thái Bình
CÔNG TY TNHH TAXI ĐỒNG NAI,"Địa chỉ: Số 66/38/39, đường Bùi Trọng nghĩa, tổ 23, KP 2, Phường Trảng Dài, Thành phố Biên Hoà, Đồng Nai",Mã số thuế: 3603423307 - Đại diện pháp luật: Nguyễn Mạnh Cường,ĐN,Đồng Nai
Công Ty TNHH Taxi Trường An,"Địa chỉ: Nhà ông Nguyễn Thanh Tỏa, Đội 4, Xã Hoằng Anh, Thành phố Thanh Hoá, Thanh Hoá",Mã số thuế: 2802280605 - Đại diện pháp luật: Nguyễn Thanh Tỏa,TH,Thanh Hoá
CÔNG TY TNHH TAXI SEN HỒNG,"Địa chỉ: Số 188, ấp 1, Xã Tân Hội Trung, Huyện Cao Lãnh, Đồng Tháp",Mã số thuế: 1402040212 - Đại diện pháp luật: Nguyễn Thanh Hùng,ĐT,Đồng Tháp
Công Ty Cổ Phần Taxi Gas Sài Gòn Petrolimex,"Địa chỉ: 178/6 Điện Biên Phủ, Phường 21, Quận Bình Thạnh, TP Hồ Chí Minh",Mã số thuế: 0303527483 - Đại diện pháp luật: Tạ Thị Thu Hiền,HCM,Tp Hcm
Hợp tác xã TAXI Phú Quý,"Địa chỉ: 198 Phan Đình Phùng,, Thành phố  Pleiku, Gia Lai",Mã số thuế: 5900252954 - Đại diện pháp luật: Phùng văn Quý,GL,Gia Lai
CÔNG TY CỔ PHẦN TAXI LẠNG SƠN CHI NHÁNH CAO LỘC,"Địa chỉ: Lô 26N16, Khối 5, Thị trấn Cao Lộc, Huyện Cao Lộc, Lạng Sơn",Mã số thuế: 4900772599-001 - Đại diện pháp luật: Vũ Thị Hồng,LS,Lạng Sơn
Công Ty Cổ Phần Taxi Việt Trì Group,"Địa chỉ: Số 2835, đường Hùng Vương, Phường Vân Cơ, Thành phố Việt Trì, Phú Thọ",Mã số thuế: 2600869684 - Đại diện pháp luật: Nguyễn Thị Hương Giang,PT,Phú Thọ
Công Ty TNHH Một Thành Viên Taxi Trà Vinh,"Địa chỉ: Số 13A, Nguyễn Đáng, Khóm 1, Phường 7, Thành phố Trà Vinh, Trà Vinh",Mã số thuế: 2100510576 - Đại diện pháp luật: Trần Vĩnh Khang,TV,Trà Vinh
Chi Nhánh Công Ty Cổ Phần Sun Taxi Tại Phú Yên,"Địa chỉ: Số 01 Phan Lưu Thanh, Phường 7, TP Tuy Hoà, Phú Yên",Mã số thuế: 4201601110-002 - Đại diện pháp luật: Trần Lưu Văn,PY,Phú Yên
Công Ty TNHH Taxi Đại Hòa Phát,"Địa chỉ: Số nhà 50, Tổ 08, Đường Phạm Văn Đồng, Phường Xuân Hoà, Thị xã Phúc Yên, Vĩnh Phúc",Mã số thuế: 2500513564 - Đại diện pháp luật: Nguyễn Đình Hòa,VP,Vĩnh Phúc
Công Ty TNHH Một Thành Viên Taxi Hà Nội Bắc Ninh,"Địa chỉ: Lô A đường Lê Thái Tổ, Phường Võ Cường, Thành phố Bắc Ninh, Bắc Ninh",Mã số thuế: 2300661660 - Đại diện pháp luật: Nguyễn Văn Hưởng,BN,Bắc Ninh
CÔNG TY TNHH TM DV VT TAXI 247,"Địa chỉ: 27 Nguyễn Hữu Cầu, Phường 3, Thành Phố Vũng Tàu, Bà Rịa - Vũng Tàu",Mã số thuế: 3502423974 - Đại diện pháp luật: Hoàng Ngọc Danh,BR-VT,Bà Rịa-Vũng Tàu
HTX VẬN TẢI DU LỊCH TAXI ĐẤT THÉP,"Địa chỉ: 361A/1 Nguyễn ảnh Thủ Tổ 13 KP.1, phường Trung Mỹ Tây, Quận 12, TP Hồ Chí Minh",Mã số thuế: 0304755404 - Đại diện pháp luật: Nguyễn Hồng Khanh,HCM,Tp Hcm
