,uid,Name,Status,Members,Posts_per_day,Group
0,1019434248074751,H·ªôi Taxi Xe Gia ƒê√¨nh ƒêi T·ªânh Gi√° R·∫ª (Xe T√¨m Kh√°ch V√† Kh√°ch T√¨m Xe),Private,108000,10+ posts a day,Taxi
1,2352586128357081,H·ªòI L√ÅI XE VIC TAXI,Public,1300,10 posts a week,Taxi
2,159013137999046,TAXI V√¢n ƒê√¨nh,Public,4400,10+ posts a day,Taxi
3,1543084719244825,H·ªôi L√°i Xe G7 TAXI Ch√≠nh Th·ªëng,Private,4700,10 posts a day,Taxi
4,861031968391853,Taxi M√™ Linh - H√† N·ªôi,Public,16000,5 posts a day,Taxi
5,802542523168359,H·ªôi Taxi H√† Nam,Private,8600,7 posts a day,Taxi
6,2331885570258118,H·ªôi Taxi M·ªπ ƒê√¨nh H√† N·ªôi,Public,1200,2 posts a day,Taxi
7,1571387859845225,TAXI 25 TH∆Ø·ªúNG T√çN,Public,3700,8 posts a day,Taxi
8,2591966504396571,Taxi Thanh Tr√¨ ‚úÖ,Public,7300,10 posts a week,Taxi
11,3223799127889385,Taxi Quy Nh∆°n,Public,50000,8 posts a month,Taxi
13,1593339450756358,TAXI TH·∫†CH TH·∫§T,Public,1900,3 posts a day,Taxi
15,566404666892225,H·ªôi Taxi S√¢n bay N·ªôi B√†i H√† N·ªôi ƒëi c√°c t·ªânh gi√° r·∫ª,Private,69000,10+ posts a day,Taxi
16,809934009053853,H·ªôi Taxi  ƒê∆∞a ƒê√≥n S√¢n Bay N·ªôi B√†i & Xe ƒêi T·ªânh GiaÃÅ R·∫ª,Private,41000,10+ posts a day,Taxi
17,627702371486596,Taxi - xe gia ƒë√¨nh H√† N·ªôi,Public,12000,10 posts a day,Taxi
18,1273958770214462,TAXI GIA ƒê√åNH H√Ä N·ªòI,Public,10,20 posts a year,Taxi
19,558292644242987,Thanh L√Ω Voucher Ngh·ªâ D∆∞·ª°ng To√†n Qu·ªëc,Private,33000,9 posts a day,Taxi
20,300280488568409,TOBACO H√Ä N·ªòI,Public,1000,8 posts a month,Taxi
21,114784682453188,U.21 C√îNG AN H√Ä N·ªòI,Public,1800,8 posts a month,Taxi
23,562966314524899,Toyota Camry Club Vi·ªát Nam‚Ñ¢ ( Camry VN Official ),Public,5900,10+ posts a day,Taxi
24,390124175129048,Honda HRV Club Vi·ªát Nam‚Ñ¢(Original),Public,2700,4 posts a day,Taxi
25,983817981799999,‚ù§Ô∏è H√† N·ªôi,Public,73000,10 posts a day,Taxi
26,2143572362522867,D·ªãch v·ª• Visa Trung Qu·ªëc,Public,59,8 posts a year,Taxi
27,522415487958697,Honda Accord Club Vi·ªát Nam‚Ñ¢ official,Public,4800,3 posts a day,Taxi
28,1080377642310801,T∆∞ v·∫•n k√™nh nh·∫≠n v√† chuy·ªÉn ti·ªÅn qu·ªëc t·∫ø,Public,632,,Taxi
29,226001395192507,"VIETKTV - VIETK - BTE MUA B√ÅN TRAO ƒê·ªîI H·ªñ TR·ª¢, S·ª¨A CH·ªÆA THAY TH·∫æ LINH KI·ªÜN",Public,3000,7 posts a day,Taxi
30,369769260179353,H·ªôi ch·ª£ VIETBUILD,Public,7200,6 posts a day,Taxi
31,937291506442065,Xe T·∫£i Ti·ªán Chuy·∫øn H√† Nam - ƒêi H√† N·ªôi,Public,340,2 posts a month,Taxi
32,480452616849409,Tour Gh√©p H√† N·ªôi üòç H√† Giang Rivew,Public,65,2 posts a month,Taxi
33,148844887176180,Taxi S√¢n Bay Ho√†ng Mai - Times City,Public,2,,Taxi
34,1915496071940688,XE ƒê∆ØA ƒê√ìN  S√ÇN BAY  N·ªòi B√ÄI - H√Ä N·ªòI GI√Å R·∫∫  S1,Public,8800,10+ posts a day,Taxi
35,157696092943543,Th√¥ng T·∫Øc C·ªëng H√∫t B·ªÉ Ph·ªët T·∫°i H√† N·ªôi - GREENHOME ‚úÖ,Public,4600,2 posts a day,Taxi
36,1764132700504930,Nh√† Tr·ªç L√°ng - Ch√πa L√°ng - Tr·∫ßn Duy H∆∞ng - C·∫ßu Gi·∫•y,Private,74000,10+ posts a day,Taxi
37,219055421821318,Thanh L√Ω _ D·ªçn Nh√† _ V·∫≠n Chuy·ªÉn _ Gi√° R·∫ª,Public,5300,2 posts a day,Taxi
38,754010115321468,CHUY√äN MUA-B√ÅN XE SANG TO√ÄN QU·ªêC UY-T√çN üöòüöòüöò,Public,402,5 posts a week,Taxi
39,300276376673285,Product and User Experience (UX),Private,4200,,Taxi
40,860785974632082,H·ªôi Taxi S√¢n Bay N·ªôi B√†i H√† N·ªôi ƒëi C√°c T·ªânh gi√° r·∫ª,Public,2200,3 posts a week,Taxi
41,546467225420430,CHUY·ªÇN NH√Ä GI√Å R·∫∫-CHUY·ªÇN TR·ªå SINH VI√äN-XE T·∫¢I-XE BA G√ÅC,Public,19000,7 posts a day,Taxi
42,492282395030672,H·ªòI LAÃÅI XE - HO√ÄNG MAI-THANH TR√å(HAÃÄ N√îÃ£I),Public,1600,5 posts a week,Taxi
43,2114349992177538,High Mileage Cars (Bim Gi√† M·∫πc C·ªï),Public,50000,10+ posts a day,Taxi
44,133013235507287,Tuy·ªÉn D·ª•ng T√†i X·∫ø t·∫°i Tp HCM,Public,78000,7 posts a day,Taxi
45,2633399816703517,"Vi·ªác L√†m L√°i Xe, Ph·ª• Xe, Giao H√†ng, V·∫≠n Chuy·ªÉn, V·∫≠n T·∫£i To√†n Qu·ªëc",Public,194,2 posts a week,Taxi
46,10002774973069701,XE S√ÇN BAY N·ªòI B√ÄI H√Ä N·ªòI GI√Å R·∫∫ ‚úÖ,Public,10000,10+ posts a day,Taxi
47,2690771761195733,XE GH√âP THANH H√ìA - H√Ä N·ªòI 2 CHI·ªÄU,Public,10000,10+ posts a day,Taxi
48,1713182155649539,CH·ª¢ C·∫¶U DI·ªÑN,Public,71000,10+ posts a day,Taxi
49,134509698491192,H·ªôi Toyota Fortuner Vi·ªát Nam‚Ñ¢ (FotunerClubVN),Public,178000,10+ posts a day,Taxi
50,968308690034833,H·ªôi Nh·ªØng Ng∆∞·ªùi S·ª≠ D·ª•ng Xe Sang,Public,5300,2 posts a week,Taxi
51,136635912708609,H·ªòI B·ªêC V√ÅC T·∫†I H√Ä N·ªòI 24/24,Private,1300,2 posts a day,Taxi
52,1431048667019780,T√åM HI·ªÇU D·ª∞ √ÅN V·∫¨N T·∫¢I TH√îNG MINH UST ( TEAM MINH NGHƒ®A )  - VNüáªüá≥,Private,1500,,Taxi
53,460773361606743,H·ªôi xe taxi H√Ä N·ªòI ƒëi c√°c t·ªânh mi·ªÅn b·∫Øc gi√° r·∫ª,Public,9200,10 posts a day,Taxi
55,216029425820551,"CƒÉn H·ªô, Ph√≤ng Cho Thu√™ Khu Ph√πng Khoang, L√†ng Vi·ªát Ki·ªÅu",Public,33000,8 posts a day,Taxi
56,1300798520048730,CH·ª¢ PH√ôNG KHOANG H√Ä N·ªòI,Public,24000,10+ posts a day,Taxi
57,281981822255099,C·ª∞U SVCG PK-BC,Private,115,,Taxi
58,1584562701554619,H√îÃ£I ƒê√îÃÄNG NGUÃÉ -3 -97 E174 F316 PHUÃÅ THOÃ£,Private,86,,Taxi
59,128249254413712,H·ªôi Taxi Th·∫ø K·ª∑ M·ªõi,Public,232,,Taxi
61,2560982040811276,"H·ªòI MAZDA2, MAZDA3, MAZDA6, CX5, CX8",Public,472,5 posts a day,Taxi
62,884221598901231,Ch·ª£ Kh∆∞∆°ng Trung,Public,630,10 posts a day,Taxi
63,181306816021855,D·ªãch V·ª• Chuy·ªÉn Nh√† Tr·ªçn G√≥i Gi√° R·∫ª D√†nh Cho Sinh Vi√™n,Public,13,4 posts a month,Taxi
64,1266675717497027,Tobaco 24/7 Ho·∫£ T·ªëc H√† N·ªôi,Public,996,10+ posts a day,Taxi
66,1260418914093023,ANH EM TAXI VI·ªÜT NAM,Public,28000,9 posts a day,Taxi
67,814497169646126,Taxi ƒê∆∞a ƒê√≥n S√¢n Bay N·ªôi B√†i H√† N·ªôi Gi√° R·∫ª - Uy T√≠n - ƒê√∫ng H·∫πn,Public,196,5 posts a month,Taxi
68,325138179026089,Xe N·ªôi B√†i - Taxi N·ªôi B√†i Gi√° R·∫ª 0354828668,Public,2500,10 posts a day,Taxi
69,830336778315843,Taxi B√¨nh ƒê·ªãnh - 0563.999.669,Public,1600,2 posts a day,Taxi
70,1599795063631732,CLB Vinasun Taxi ‚úÖ,Private,11000,7 posts a day,Taxi
71,874104859969215,Taxi N·ªôi B√†i H√† N·ªôi gi√° r·∫ª,Public,3700,5 posts a day,Taxi
72,2802814509837012,Taxi VinaSun,Public,4600,4 posts a day,Taxi
73,3120503858162414,H·ªòI TAXI N·ªòI B√ÄI ƒêI T·ªàNH GI√Å R·∫∫,Public,1300,8 posts a day,Taxi
74,1970272233245832,TAXI B·ªàM S∆†N THANH H√ìA hotline.0986580066 - 0969390607 - 0382226189,Public,613,8 posts a month,Taxi
75,258591407658471,H·ªôi Anh Em L√°i Xe Taxi Group,Private,2100,,Taxi
76,638207069678790,H·ªôi anh em l√°i xe Taxi Group,Public,814,,Taxi
77,323477548005948,TAXI GROUP (T·∫≠n t√¢m-Chuy√™n nghi·ªáp),Private,169,,Taxi
78,1893366200942357,H·ªôi Anh Em L√°i Xe Taxi Group,Public,589,10 posts a year,Taxi
79,263544947975235,GROUP TAXI GIA ƒê√åNH TX KINH M√îN,Public,141,5 posts a month,Taxi
80,251086625771664,TAXI ML Group S√†i G√≤n,Private,4500,4 posts a week,Taxi
81,773737434491534,TAXI GROUP ƒê·ªäNH HO√Å,Public,119,8 posts a week,Taxi
82,322460405113849,H·ªôi Anh Em TAXI GROUP H√Ä N·ªòI,Public,6200,2 posts a week,Taxi
83,843831006671588,GROUP Taxi Grab Di·ªÖn Ch√¢u,Public,243,2 posts a week,Taxi
85,1092542774768491,TAXI N·ªòI B√ÄI- H√Ä N·ªòI & ƒêI C√ÅC T·ªàNH.,Public,317,8 posts a month,Taxi
87,5033255446760718,Taxi 123,Public,1300,2 posts a week,Taxi
88,180893687413584,Taxi Grap H√† N·ªôi (taxi c√¥ng ngh·ªá),Public,2000,7 posts a day,Taxi
91,535648063435057,TAXI 123 S√ìC S∆†N ( Ph·ªë N·ªâ ),Public,2300,9 posts a week,Taxi
92,130273224045291,H·ªôi TaXi M·ªπ ƒê√¨nh.HN,Public,7500,8 posts a week,Taxi
94,388307711572703,Crown Poker - Th√¥ng tin gi·∫£i ƒë·∫•u,Public,1800,2 posts a year,Taxi
103,578783430024642,H·ªòI MERCEDES VI·ªÜT NAM ‚úÖ,Public,36000,4 posts a week,Taxi
106,594181470757213,"Antidetect Browser Gologin FREE, Automate ios, VIP Tools  For MMO",Private,21000,,Taxi
107,826132234722173,H·ªòI PEUGEOT VI·ªÜT NAM ‚úÖ,Public,34000,7 posts a week,Taxi
108,536047354485762,CROWD1 Vi·ªát nam,Public,15,,Taxi
109,272385494809721,H·ªòI AUDI VI·ªÜT NAM ‚úÖ,Public,37000,8 posts a month,Taxi
110,921825168487220,H·ªòI MITSUBISHI VI·ªÜT NAM ‚úÖ,Public,38000,3 posts a week,Taxi
118,1802464526668095,C·ªông ƒê·ªìng  E-Taxi S√†i G√≤n ( Taxi C√¥ng Ngh·ªá ),Private,5800,3 posts a week,Taxi
121,1607132932741102,Anh Em L√°i Xe Taxi TP C·∫ßn Th∆°,Public,2300,4 posts a week,Taxi
122,744084102658904,H·ªôi PORSCHE BMW MERCEDES MAYBACH VOLVO AUDI RANGEROVER LEXUS TOYOTA,Public,3500,8 posts a day,Taxi
123,350222892274332,TAXI TRUY·ªÄN TH·ªêNG V√Ä XE GIA ƒê√åNH S∆†N T√ÇY* BA V√å* PH√öC TH·ªå* H√Ä N·ªòI,Public,210,8 posts a month,Taxi
124,2107045402915608,H·ªôi ae ch·∫°y taxi truy·ªÅn th·ªëng v√† taxi c√¥ng ngh·ªá h√† n·ªôi,Private,545,10 posts a week,Taxi
125,286070545322125,H·ªôi taxi truy·ªÅn th·ªëng v√† c√¥ng ngh·ªá graptaxi grapcar .bee.,Public,358,10 posts a week,Taxi
126,1972202789633369,taxi ƒë·∫°i l·ªôc Truy·ªÅn th·ªëng,Public,241,4 posts a week,Taxi
128,278251739186197,Taxi 123 S√≥c S∆°n,Private,3400,4 posts a week,Taxi
129,860444028385945,NetTruyen - C·ªông ƒë·ªìng Truy·ªán Tranh,Private,128000,10+ posts a day,Taxi
130,683020909831322,Taxi gi√° r·∫ª v√† ti·ªán chuy·∫øn - ƒê·ªìi sim Ch·ª£ B·∫øn T·∫ø ti√™u - H√† ƒê√¥ng- H√† N·ªôi - S√¢,Public,984,5 posts a day,Taxi
131,161814474591295,C·ªông ƒê·ªìng L√°i Xe TaXi Truy·ªÅn Th·ªëng,Public,484,,Taxi
138,742112259470290,Taxi 24/7 Ph·ªë V√°c - N·ªôi B√†i ƒêT : 0916.701.888,Public,5500,10+ posts a day,Taxi
139,1581233225274472,H·ªôi anh em l√°i xe taxi Qu√™ L·ª•a,Private,1600,2 posts a week,Taxi
140,183098110171746,TAXI N·ªòI B√ÄI - H√Ä N·ªòI ƒêI C√ÅC T·ªàNH GI√Å R·∫∫,Public,22000,10 posts a day,Taxi
141,288562579424274,Nh√≥m Gh√©p ƒê√¥i B·ªô ƒê·ªôi- C√¥ng An- B√°c Sƒ©- Gi√°o Vi√™n‚Ä¶,Public,6400,3 posts a week,Taxi
153,165190705612983,B·ªô ƒë·ªôi v√† h·∫≠u ph∆∞∆°ng,Public,95000,3 posts a day,Taxi
158,881111212589044,H·ªòI HONDA VI·ªÜT NAM ‚úÖ,Public,13000,6 posts a month,Taxi
159,415600973444301,H·ªòI SUBARU VI·ªÜT NAM ‚úÖ,Public,36000,4 posts a week,Taxi
169,440369549473682,Tin Xe 24h üöò,Private,29000,,Taxi
171,2581971935358078,C·ªông ƒê·ªìng T√†i X·∫ø Taxi Vi·ªát Nam,Public,122,2 posts a month,Taxi
172,1483143241951743,"H·ªôi Kh√°ch T√¨m Xe- Xe T√¨m Kh√°ch: √î T√¥, Taxi Gi√° R·∫ª: Ti·ªán chuy·∫øn- ƒêi chung",Public,55000,10+ posts a day,Taxi
174,1113788472442349,Xe Taxi S√¢n Bay T√¢n S∆°n Nh·∫•t,Public,1500,7 posts a day,Taxi
175,1628183414070534,App Taxi C√¥ng Ngh·ªá SatuCa,Private,41000,9 posts a day,Taxi
176,1996859340410724,H·ªôi Xe Taxi C√¥ng Ngh·ªá - N∆°i Kh√°ch T√¨m Xe Gi√° R·∫ª,Public,396,10 posts a week,Taxi
178,304373426959651,Taxi C√¥ng Ngh·ªá H·∫£i Ph√≤ng,Public,10,5 posts a year,Taxi
179,1272524923470009,H·ªôi TaXi -Xe √îm C√¥ng ngh·ªá Khu V·ª±c CNC H√≤a L·∫°c,Public,26,2 posts a week,Taxi
182,354654778348942,"H·ªòI TAXI C√îNG NGH·ªÜ: GRAB, T.NET, VATO. XE ƒêI T·ªàNH - XE GH√âP",Public,942,,Taxi
183,3341905282749447,Taxi C√¥ng Ngh·ªá SatuCa,Public,55,10 posts a year,Taxi
186,320073001379586,GROUP Taxi - Xe Kh√°ch H√≤a L·∫°c Th·∫°ch Th·∫•t,Private,7200,9 posts a week,Taxi
187,665843988405279,Lado Taxi Group,Public,2000,2 posts a day,Taxi
190,272952308997769,ÔøΩ Group Taxi Tu·∫ßn Gi√°o ÔøΩ,Public,8,5 posts a year,Taxi
192,205195056933412,TAXI GROUP,Public,157,,Taxi
193,183869175743793,"XE S√ÇN BAY N·ªòI B√ÄI ‚áî H√Ä N·ªòI, D·ªäCH V·ª§ TAXI GI√Å R·∫∫",Public,74000,10 posts a day,Taxi
194,965555851246845,"XE S√ÇN BAY N·ªòI B√ÄI - H√Ä N·ªòI, TAXI GI√Å R·∫∫",Public,75000,10+ posts a day,Taxi
195,352636425492562,"H·ªôi Xe Gh√©p, Xe Ti·ªán Chuy·∫øn, Taxi Ba V√¨ S∆°n T√¢y H√† N·ªôi V√† C√°c T·ªânh L√¢n C·∫≠n",Public,30000,10+ posts a day,Taxi
197,537184233074641,H·ªôi Taxi H√† N·ªôi.,Private,14000,10+ posts a day,Taxi
198,1925091041049607,Taxi H√† N·ªôi ƒêi T·ªânh Gi√° R·∫ª ( kh√°ch t√¨m xe - xe tim kh√°ch ),Public,10000,7 posts a day,Taxi
199,1148336836028756,Taxi H√† N·ªôi,Public,1400,8 posts a month,Taxi
200,177165800771647,Taxi S√¢n Bay H√† N·ªôi v√† C√°c T·ªânh Gi√° R·∫ª,Public,9300,8 posts a month,Taxi
202,1891958230851609,H·ªôi l√°i xe G7 taxi,Public,6500,10 posts a day,Taxi
204,754210406109374,H·ªôi t√†i x·∫ø GSM - Taxi Xanh SM - Taxi ƒëi·ªán Vinfast,Private,32000,7 posts a day,Taxi
205,696214950733069,"XE S√ÇN BAY N·ªòI B√ÄI ‚áî H√Ä N·ªòI, D·ªäCH V·ª§ TAXI GI√Å R·∫∫",Public,35000,10+ posts a day,Taxi
206,239252803159334,ANH EM L√ÅI XE TAXI MAI LINH,Public,37000,2 posts a day,Taxi
208,1025558244153009,XE TAXI GIA ƒê√åNH ƒêI T·ªàNH - S√ÇN BAY GI√Å R·∫∫. THU√ä XE DU L·ªäCH 16 - 29 - 45 CH·ªñ,Private,101000,8 posts a day,Taxi
219,272182449811767,H·ªôi L√°i Xe TaXi G7,Public,28000,5 posts a day,Taxi
223,2610795799200609,Ch·ª£ Vi·∫øt - Thu√™ Vi·∫øt B√†i - Tuy·ªÉn d·ª•ng Content - C·ªông ƒë·ªìng Copywriter,Public,374000,10+ posts a day,Taxi
231,1606474239656954,Fingerprint Education,Public,79000,7 posts a week,Taxi
242,1089677371916330,C·ªông ƒê·ªìng Y√äU SEO,Public,938,3 posts a day,Taxi
246,1094637047669364,D·ªãch v·ª• chuy·ªÉn nh√† gi√° r·∫ª,Public,4900,2 posts a day,Taxi
255,268919120139489,H·ªôi t√†i X·∫ø UBER & GRAB Vi·ªát Nam,Public,3200,4 posts a month,Taxi
256,253247360004445,"H·ªôi Cho Thu√™ Xe GRAB CAR, T·ª± L√°i, C√≥ T√†i",Public,10000,10 posts a day,Taxi
257,815763112879494,Cho thu√™ xe m√°y S√†i g√≤n-Tp HCM Uy T√≠n Gi√° R·∫ª _ Scooters for rent,Public,3000,3 posts a day,Taxi
258,433961430487805,TAXI MI·ªÄN B·∫ÆC,Public,2200,2 posts a day,Taxi
259,930251377102215,H√¥Ã£i LaÃÅi Xe Taxi Mi·ªÅn B·∫Øc,Public,1000,6 posts a week,Taxi
260,4223241154437023,Taxi mi·ªÅn B·∫Øc,Public,209,3 posts a month,Taxi
261,709729029189924,"H·ªôi taxi , xe gh√©p H√† N·ªôi - C√°c t·ªânh Mi·ªÅn B·∫Øc",Public,1500,5 posts a week,Taxi
262,477068055713923,H·ªôi Taxi Mi·ªÅn B·∫Øc Gi√° R·∫ª,Private,955,,Taxi
263,1699017546968221,H·ªòI L√ÅI XE TAXI XANH SM MI·ªÄN B·∫ÆC (ch√≠nh th·ª©c),Public,543,4 posts a month,Taxi
264,187336431878013,TAXI N·ªòI B√ÄI (Xe H√† N·ªôi ‚ÜîÔ∏è C√°c T·ªânh Mi·ªÅn B·∫Øc) Gi√° R·∫ª,Public,6000,10+ posts a day,Taxi
265,2101581523454542,Taxi gi√° r·∫ª - Xe Ti·ªán Chuy·∫øn - Gh√©p kh√°ch  ( Mi·ªÅn B·∫Øc),Public,838,3 posts a week,Taxi
266,243932345968382,h·ªôi lai xe taxi mi·ªÅn b·∫Øc,Private,27,,Taxi
267,545123503013983,TAXI Ti·ªán Chuy·∫øn - Mi√™ÃÄn BƒÉÃÅc,Public,263,8 posts a month,Taxi
298,252069692504464,Xe ƒê∆∞a ƒê√≥n S√¢n Bay N·ªôi B√†i H√† N·ªôi gi√° r·∫ª,Public,38000,10+ posts a day,Taxi
300,318400306523184,H·ªôi Xe Kh√°ch üöò B·∫ÆC - TRUNG - NAM üöò ( S√ÄI G√íN - H√Ä N·ªòI ),Public,8200,10 posts a day,Taxi
301,282557086072318,XE N·ªòI B√ÄI - H√Ä N·ªòI XE ƒêI T·ªàNH - XE DU L·ªäCH GI√Å R·∫∫,Public,340,4 posts a month,Taxi
303,237220716711176,XE S√ÇN BAY <> V≈®NG T√ÄU LI√äN H·ªÜ: 09.23.23.72.72,Private,9300,10 posts a day,Taxi
304,825040137588311,24h taxi mi·ªÅn trung,Public,12000,2 posts a week,Taxi
305,125245909190685,Hi·ªáp h·ªôi l√°i xe taxi mi·ªÅn trung,Public,43,,Taxi
306,2019588791639278,H·ªòI TAXI ƒêI T·ªàNH GI√Å R·∫∫ (Khu V·ª±c Mi·ªÅn Trung),Public,18,3 posts a year,Taxi
309,1125578104832993,H·ªòI XE COUNTY 28 - B·∫ÆC TRUNG NAM,Public,858,10 posts a week,Taxi
312,714929142230288,Taxi 123 B·∫Øc Ninh,Public,6000,10+ posts a day,Taxi
318,1488291924892304,H·ªôi Xe Taxi S∆°n T√¢y-Ba V√¨-H√† N·ªôi-ƒêi Gh√©p-Ti·ªán Chuy·∫øn 0589.955.955,Public,4100,10+ posts a day,Taxi
320,511781439029780,"H·ªôi Taxi - Xe Gia ƒê√¨nh, N·ªôi B√†i 24/7-gh√©p xe c√°c T·ªânh (H√† N·ªôi - N·ªôi B√†i)",Public,4900,10 posts a day,Taxi
322,1401063206647864,ƒêAM M√ä SAXOPHONE,Public,5000,8 posts a month,Taxi
339,1631044990687534,"MMO Viet Nam Community Gologin Free, Automate iOS, Code Tools Theo Y√™u C·∫ßu",Public,241,4 posts a day,Taxi
347,464461400277233,Baic Beijing X7 -H·ªôi Y√™u Xe Trung Qu·ªëc VieÃ£ÃÇt Nam üöó,Public,12000,5 posts a day,Taxi
348,887711968745269,Xe Kh√°ch B·∫Øc üëâ Trung üëà Nam,Public,13000,8 posts a day,Taxi
351,520262414829372,H·ªôi xe FORD ( Transit) - HUYNDAI ( Solati )( B·∫ÆC - TRUNG - NAM ),Public,36000,10+ posts a day,Taxi
352,229749951868990,H·ªôi Xe Sang üáªüá≥,Public,101000,2 posts a day,Taxi
353,343095612824554,Mua b√°n xe th·ªÉ thao - 2 c·ª≠a,Public,153000,10+ posts a day,Taxi
358,926774417476695,Group ƒêi chung xe(xe gh√©p) xe taxi ti·ªán chuy√™n Hi·ªáp H√≤a -H√† N·ªôi,Public,711,10 posts a day,Taxi
359,609750546965344,TAXI DRIVER GROUPüöå,Public,16000,10+ posts a day,Taxi
362,777608499061834,N·ªòI B√ÄI TAXI GROUP,Public,213,,Taxi
363,1090676867764408,Group ƒê·∫•t B√¨nh ƒê·ªãnh-20 H√† Huy T·∫≠p TP Quy Nh∆°n-0345 30 7777,Public,7000,10+ posts a day,Taxi
364,591617476256589,Ph√°t tri·ªÉn ·ª©ng d·ª•ng Web + BTL 2023 Nhom 17 18 19 20 21 200,Private,357,6 posts a week,Taxi
365,425324057572189,311 E2- ƒêH Y H√† N·ªôi,Private,22,,Taxi
366,2397416616951696,H·ªòI ANH EM L√ÄM NGH·ªÄ CHƒÇM S√ìC XE - CAR DETAILING GROUP,Private,71000,5 posts a day,Taxi
367,1134004910894328,CTTT Data Science & AI 03 - K68,Private,33,,Taxi
368,281145391329110,CA2-K68-UET,Private,75,,Taxi
369,6661799197220648,L·∫≠p tr√¨nh h∆∞·ªõng ƒë·ªëi t∆∞·ª£ng - TH K·ª≥ 1 (2022 - 2023) - INT2204 22 + 23 (N1),Private,123,3 posts a week,Taxi
370,1406030660296529,CN15-K68-UET,Private,67,2 posts a week,Taxi
371,1115912549384361,"Th·ª±c h√†nh OOP_2324 (Nh√≥m 2, 3 INT2204 1)",Private,84,3 posts a week,Taxi
372,2743922472540731,Deutsch NK-TD 2020-2023 Gruppe 1,Private,28,,Taxi
373,245462931795850,DOL.H√† N·ªôi- L·ªõp 7.0- 28.08.2023 - T246- 17:30-19:30,Private,11,,Taxi
380,997347030413099,H√† N·ªôi X·ªãn!!!,Public,799000,10+ posts a day,Taxi
383,371546384560882,H·ªôi xe Ford Escape H√† N·ªôi,Public,2500,4 posts a day,Taxi
384,592654672662216,Group Ch·ªß Xe Hyundai Stargazer,Public,3000,5 posts a day,Taxi
385,465868263553052,UET ACM & OLP,Private,443,,Taxi
386,825836115494425,Mua b√°n xe 16 ch·ªó Ford Transit.Hyundai Solati,Public,6900,10+ posts a day,Taxi
387,681970229209534,Review H√† N·ªôi,Public,505000,10+ posts a day,Taxi
388,2464919303803598,"H·ªôi Toyota Vios, Altis, Camry H√† N·ªôi",Public,3000,10+ posts a day,Taxi
389,2007287679321889,H·ªôi y√™u th√≠ch xe h∆°i c·ªï Vi·ªát Nam,Public,129000,7 posts a day,Taxi
390,1564910643820802,Ch·ª£ xe Sang - Luxury car,Public,94000,4 posts a day,Taxi
391,1153433581383602,H·ªôi xe Fortuner Vi·ªát Nam-FVN,Private,54000,3 posts a day,Taxi
392,311810350377414,CLB xe t·∫£i HYUNDAI HD65 HD72 N250 120SL v.v...,Public,8300,10+ posts a day,Taxi
393,352872589705109,H·ªôi Xe L√†o. Ng√¢n .Cam An ninh chu·∫©n B·∫Øc Trung Nam . N√≥i kh√¥ng v·ªõi L·ª´a ƒê·∫£o,Public,4600,10 posts a day,Taxi
394,216001814630867,Taxi S√†i g√≤n gi√° r·∫ª to√†n qu·ªëc,Public,5,,Taxi
395,381984984009879,MUA B√ÅN THANH L√ù XE TAXI TO√ÄN QU·ªêC,Public,351,4 posts a month,Taxi
396,198733939075873,H·ªòI TAXI MAI LINH TO√ÄN QU·ªêC,Public,39,3 posts a year,Taxi
397,1418098949003264,H·ªòI L√ÅI XE TAXI XANH SM - GSM VINFAT TO√ÄN QU·ªêC,Public,96,6 posts a year,Taxi
398,1333439034271525,H·ªôi xe c·ªè taxi gi√° r·∫ª - g·ª≠i ƒë·ªì-ti·ªán chuy·∫øn to√†n qu·ªëc,Public,27,10 posts a year,Taxi
401,160876471907272,Taxi gh√©p H√†n Qu·ªëc,Public,9000,10+ posts a day,Taxi
404,275891903891926,TAXI GI√Å R·∫∫ TI·ªÜN CHUY·∫æN:0364918555_ M·ªπ ƒê·ª©c _ ·ª®ng H√≤a_H√† N·ªôi_ N·ªôi B√†i_üòçüòçüòç,Public,5600,10+ posts a day,Taxi
406,169469780398931,H·ªôi l√°i xe taxi B·∫Øc √Å,Public,1900,20 posts a week,Taxi
407,308401817523506,Xe Taxi S√¢n Bay N·ªôi B√†i,Public,45000,7 posts a day,Taxi
408,147248390393699,Check th√¥ng tin BI·ªÇN S·ªê xe - Tra G·ªêC xe . r√∫t H·ªí S∆† xe TO√ÄN QU·ªêC,Public,5100,8 posts a month,Taxi
409,208395149688503,Taxi chi·ªÅu v·ªÅ Ba v√¨ - S∆°n T√¢y - H√† N·ªôi.,Public,3700,10+ posts a day,Taxi
410,1622477258065512,H·ªôi cho thu√™ xe du l·ªãch t·∫°i H√† N·ªôi 4-45 ch·ªó,Public,2000,6 posts a day,Taxi
411,386138125208001,H·ªôi Taxi S√¢n Bay N·ªôi B√†i - H√† N·ªôi ƒêi C√°c T·ªânh Gi√° R·∫ª,Public,11000,10+ posts a day,Taxi
412,2451400815146768,Cho thu√™ xe du l·ªãch 4-7-16-29-45 ch·ªó t·∫°i H√† N·ªôi,Public,3900,10 posts a day,Taxi
413,211043449529734,H·ªôi taxi gia ƒë√¨nh s∆°n t√¢y ba v√¨ n∆°i gi√∫p kh√°ch t√¨m xe,Public,3300,3 posts a week,Taxi
414,781764602203177,Taxi Gi√° R·∫ª mi·ªÅn nam,Public,1200,,Taxi
415,851648982115912,GRAB TAXI - MI√äÃÄN NAM,Public,32,5 posts a year,Taxi
416,145385284968288,Xe Taxi Mi·ªÅn Nam_Xe M·ªôt Chi·ªÅu_Xe Ti·ªán Chuy·∫øn Mi·ªÅn T√¢y,Public,19,9 posts a year,Taxi
418,1455109321212738,CLB Grab Taxi  Mi√™ÃÄn Nam,Public,673,3 posts a month,Taxi
419,2233801603611455,H·ªòI TAXI TI·ªÜN CHUY·∫æN H√† N·ªôi Nam ƒê·ªãnh,Public,511,5 posts a week,Taxi
420,253820671884646,H·ªôi Taxi ƒëi t·ªânh gi√° r·∫ª mi·ªÅn Nam ( n∆°i kh√°ch t√¨m xe v√† xe t√¨m kh√°ch),Public,167,1 post a year,Taxi
422,157828020466513,H·ªôi nh·ªØng ng∆∞·ªùi y√™u taxi ƒëi·ªán Vinfast Mi·ªÅn Nam_ GSM,Public,10000,8 posts a month,Taxi
423,1824871507689298,üöò TAXI PH√öC TH·ªå ‚úÖ,Public,1900,7 posts a week,Taxi
426,1872021932810680,H·ªôi Xe Taxi D·ªãch V·ª• Gi√° R·∫ª ( N∆°i Kh√°ch T√¨m Xe <=> Xe T√¨m Kh√°ch),Public,1100,3 posts a day,Taxi
428,1838558016454295,TAXI K·∫æT H·ª¢P - TAXI GH√âP tuy·∫øn H√† N·ªôi üîÅ Vi·ªát Tr√¨ üîÅ ƒêoan H√πng,Public,4800,10+ posts a day,Taxi
432,337447771097872,H·ªôi Taxi Ba V√¨ - H√† N·ªôi V√† C√°c T·ªânh L√¢n C·∫≠n Gi√° R·∫ª,Public,1100,10 posts a day,Taxi
433,2034485633526718,CLB XE 16 VI·ªÜT NAM ‚úÖ,Public,17000,10 posts a day,Taxi
